-- Habilita extensão de UUID no Postgres
CREATE EXTENSION IF NOT EXISTS "pgcrypto";

-- Senha padrão 'password' em BCrypt para todos: $2a$10$kxeAgi3G5EB4M88OweGPxuO1pWfaFUaTBtelqiMQPAHJHgDu/pmL2

INSERT INTO drivers (id, name, cpf, phone, email, password, birth_date, cnh, pix_key, registration_status, rejection_reason, role) VALUES
('00000000-0000-0000-0000-000000000001', 'João Batista da Silva', '90523961081', '81988880001', 'joao.silva@email.com', '$2a$10$kxeAgi3G5EB4M88OweGPxuO1pWfaFUaTBtelqiMQPAHJHgDu/pmL2', '1980-05-12', '11122233344', '05433215080', 'APPROVED', NULL, 'DRIVER'),
('00000000-0000-0000-0000-000000000002', 'Maria Aparecida Souza', '82845610050', '81988880002', 'maria.souza@email.com', '$2a$10$kxeAgi3G5EB4M88OweGPxuO1pWfaFUaTBtelqiMQPAHJHgDu/pmL2', '1985-08-22', '22233344455', 'maria.souza@email.com', 'APPROVED', NULL, 'DRIVER'),
('00000000-0000-0000-0000-000000000003', 'Carlos Eduardo Lima', '32785461014', '81988880003', 'carlos.lima@email.com', '$2a$10$kxeAgi3G5EB4M88OweGPxuO1pWfaFUaTBtelqiMQPAHJHgDu/pmL2', '1978-11-30', '33344455566', '32785461014', 'APPROVED', NULL, 'DRIVER'),
('00000000-0000-0000-0000-000000000004', 'Ana Paula Rodrigues', '21548796032', '81988880004', 'ana.rodrigues@email.com', '$2a$10$kxeAgi3G5EB4M88OweGPxuO1pWfaFUaTBtelqiMQPAHJHgDu/pmL2', '1992-01-15', '44455566677', 'ana.rodrigues@email.com', 'APPROVED', NULL, 'DRIVER'),
('00000000-0000-0000-0000-000000000005', 'Roberto Alves Pereira', '54879632015', '81988880005', 'roberto.pereira@email.com', '$2a$10$kxeAgi3G5EB4M88OweGPxuO1pWfaFUaTBtelqiMQPAHJHgDu/pmL2', '1983-03-10', '55566677788', '54879632015', 'APPROVED', NULL, 'DRIVER'),
('00000000-0000-0000-0000-000000000006', 'Isabela Soares Oliveira', '34464377420', '81988880006', 'isabela.soares.6@email.com', '$2a$10$kxeAgi3G5EB4M88OweGPxuO1pWfaFUaTBtelqiMQPAHJHgDu/pmL2', '1990-07-25', '66677788899', 'isabela.soares.6@email.com', 'APPROVED', NULL, 'DRIVER'),
('00000000-0000-0000-0000-000000000007', 'Beatriz Almeida Lima', '74076113535', '81988880007', 'beatriz.almeida.7@email.com', '$2a$10$kxeAgi3G5EB4M88OweGPxuO1pWfaFUaTBtelqiMQPAHJHgDu/pmL2', '1988-12-05', '77788899900', '74076113535', 'APPROVED', NULL, 'DRIVER'),
('00000000-0000-0000-0000-000000000008', 'Fernanda Lopes Gomes', '66146561116', '81988880008', 'fernanda.lopes.8@email.com', '$2a$10$kxeAgi3G5EB4M88OweGPxuO1pWfaFUaTBtelqiMQPAHJHgDu/pmL2', '1982-06-18', '88899900011', 'fernanda.lopes.8@email.com', 'APPROVED', NULL, 'DRIVER'),
('00000000-0000-0000-0000-000000000009', 'Paulo Gomes Fernandes', '19566415264', '81988880009', 'paulo.gomes.9@email.com', '$2a$10$kxeAgi3G5EB4M88OweGPxuO1pWfaFUaTBtelqiMQPAHJHgDu/pmL2', '1975-09-14', '99900011122', '19566415264', 'APPROVED', NULL, 'DRIVER'),
('00000000-0000-0000-0000-000000000010', 'Rafael Barbosa Pereira', '68905108263', '81988880010', 'rafael.barbosa.10@email.com', '$2a$10$kxeAgi3G5EB4M88OweGPxuO1pWfaFUaTBtelqiMQPAHJHgDu/pmL2', '1987-04-20', '10101010101', 'rafael.barbosa.10@email.com', 'APPROVED', NULL, 'DRIVER'),
('00000000-0000-0000-0000-000000000011', 'Márcio Almeida Soares', '76914772781', '81988880011', 'marcio.almeida.11@email.com', '$2a$10$kxeAgi3G5EB4M88OweGPxuO1pWfaFUaTBtelqiMQPAHJHgDu/pmL2', '1981-02-11', '11212121212', '76914772781', 'APPROVED', NULL, 'DRIVER'),
('00000000-0000-0000-0000-000000000012', 'Paulo Lima Martins', '04084561689', '81988880012', 'paulo.lima.12@email.com', '$2a$10$kxeAgi3G5EB4M88OweGPxuO1pWfaFUaTBtelqiMQPAHJHgDu/pmL2', '1989-10-01', '12131313131', 'paulo.lima.12@email.com', 'APPROVED', NULL, 'DRIVER'),
('00000000-0000-0000-0000-000000000013', 'Daniel Santos Carvalho', '59946269607', '81988880013', 'daniel.santos.13@email.com', '$2a$10$kxeAgi3G5EB4M88OweGPxuO1pWfaFUaTBtelqiMQPAHJHgDu/pmL2', '1993-12-12', '13141414141', '59946269607', 'APPROVED', NULL, 'DRIVER'),
('00000000-0000-0000-0000-000000000014', 'Henrique Soares Pereira', '13677767987', '81988880014', 'henrique.soares.14@email.com', '$2a$10$kxeAgi3G5EB4M88OweGPxuO1pWfaFUaTBtelqiMQPAHJHgDu/pmL2', '1984-05-30', '14151515151', 'henrique.soares.14@email.com', 'APPROVED', NULL, 'DRIVER'),
('00000000-0000-0000-0000-000000000015', 'Bruno Fernandes Ferreira', '00286090695', '81988880015', 'bruno.fernandes.15@email.com', '$2a$10$kxeAgi3G5EB4M88OweGPxuO1pWfaFUaTBtelqiMQPAHJHgDu/pmL2', '1986-07-07', '15161616161', '00286090695', 'APPROVED', NULL, 'DRIVER'),
('00000000-0000-0000-0000-000000000016', 'Elaine Alves Carvalho', '20938034800', '81988880016', 'elaine.alves.16@email.com', '$2a$10$kxeAgi3G5EB4M88OweGPxuO1pWfaFUaTBtelqiMQPAHJHgDu/pmL2', '1982-11-21', '16171717171', 'elaine.alves.16@email.com', 'APPROVED', NULL, 'DRIVER'),
('00000000-0000-0000-0000-000000000017', 'Beatriz Ribeiro Rodrigues', '18965140862', '81988880017', 'beatriz.ribeiro.17@email.com', '$2a$10$kxeAgi3G5EB4M88OweGPxuO1pWfaFUaTBtelqiMQPAHJHgDu/pmL2', '1995-03-03', '17181818181', '18965140862', 'APPROVED', NULL, 'DRIVER'),
('00000000-0000-0000-0000-000000000018', 'Isabela Lima Lopes', '05260060479', '81988880018', 'isabela.lima.18@email.com', '$2a$10$kxeAgi3G5EB4M88OweGPxuO1pWfaFUaTBtelqiMQPAHJHgDu/pmL2', '1991-09-09', '18191919191', 'isabela.lima.18@email.com', 'APPROVED', NULL, 'DRIVER'),
('00000000-0000-0000-0000-000000000019', 'Samuel Barbosa Lopes', '39545812232', '81988880019', 'samuel.barbosa.19@email.com', '$2a$10$kxeAgi3G5EB4M88OweGPxuO1pWfaFUaTBtelqiMQPAHJHgDu/pmL2', '1980-01-01', '19202020202', '39545812232', 'APPROVED', NULL, 'DRIVER'),
('00000000-0000-0000-0000-000000000020', 'Vanessa Carvalho Soares', '12271307773', '81988880020', 'vanessa.carvalho.20@email.com', '$2a$10$kxeAgi3G5EB4M88OweGPxuO1pWfaFUaTBtelqiMQPAHJHgDu/pmL2', '1988-06-15', '20212121212', 'vanessa.carvalho.20@email.com', 'APPROVED', NULL, 'DRIVER'),
('00000000-0000-0000-0000-000000000021', 'Vitor Almeida Gomes', '85290458564', '81988880021', 'vitor.almeida.21@email.com', '$2a$10$kxeAgi3G5EB4M88OweGPxuO1pWfaFUaTBtelqiMQPAHJHgDu/pmL2', '1994-04-10', '21222222222', '85290458564', 'APPROVED', NULL, 'DRIVER'),
('00000000-0000-0000-0000-000000000022', 'Henrique Lopes Barbosa', '17697611827', '81988880022', 'henrique.lopes.22@email.com', '$2a$10$kxeAgi3G5EB4M88OweGPxuO1pWfaFUaTBtelqiMQPAHJHgDu/pmL2', '1983-02-28', '22232323232', 'henrique.lopes.22@email.com', 'APPROVED', NULL, 'DRIVER'),
('00000000-0000-0000-0000-000000000023', 'Juliana Alves Fernandes', '85519324110', '81988880023', 'juliana.alves.23@email.com', '$2a$10$kxeAgi3G5EB4M88OweGPxuO1pWfaFUaTBtelqiMQPAHJHgDu/pmL2', '1990-11-11', '23242424242', '85519324110', 'APPROVED', NULL, 'DRIVER'),
('00000000-0000-0000-0000-000000000024', 'Tiago Carvalho Oliveira', '23078700468', '81988880024', 'tiago.carvalho.24@email.com', '$2a$10$kxeAgi3G5EB4M88OweGPxuO1pWfaFUaTBtelqiMQPAHJHgDu/pmL2', '1985-09-20', '24252525252', 'tiago.carvalho.24@email.com', 'APPROVED', NULL, 'DRIVER'),
('00000000-0000-0000-0000-000000000025', 'Rafael Barbosa Oliveira', '15248631495', '81988880025', 'rafael.barbosa.25@email.com', '$2a$10$kxeAgi3G5EB4M88OweGPxuO1pWfaFUaTBtelqiMQPAHJHgDu/pmL2', '1987-03-30', '25262626262', '15248631495', 'APPROVED', NULL, 'DRIVER'),
('00000000-0000-0000-0000-000000000026', 'Kevin Silva Souza', '00439020775', '81988880026', 'kevin.silva.26@email.com', '$2a$10$kxeAgi3G5EB4M88OweGPxuO1pWfaFUaTBtelqiMQPAHJHgDu/pmL2', '1996-05-05', '26272727272', 'kevin.silva.26@email.com', 'APPROVED', NULL, 'DRIVER'),
('00000000-0000-0000-0000-000000000027', 'Caio Silva Santos', '23035314106', '81988880027', 'caio.silva.27@email.com', '$2a$10$kxeAgi3G5EB4M88OweGPxuO1pWfaFUaTBtelqiMQPAHJHgDu/pmL2', '1992-08-14', '27282828282', '23035314106', 'APPROVED', NULL, 'DRIVER'),
('00000000-0000-0000-0000-000000000028', 'Vitor Ferreira Rodrigues', '99057079922', '81988880028', 'vitor.ferreira.28@email.com', '$2a$10$kxeAgi3G5EB4M88OweGPxuO1pWfaFUaTBtelqiMQPAHJHgDu/pmL2', '1989-12-25', '28292929292', 'vitor.ferreira.28@email.com', 'APPROVED', NULL, 'DRIVER'),
('00000000-0000-0000-0000-000000000029', 'Elaine Santos Souza', '85356071103', '81988880029', 'elaine.santos.29@email.com', '$2a$10$kxeAgi3G5EB4M88OweGPxuO1pWfaFUaTBtelqiMQPAHJHgDu/pmL2', '1984-07-02', '29303030303', '85356071103', 'APPROVED', NULL, 'DRIVER'),
('00000000-0000-0000-0000-000000000030', 'Felipe Vieira Ribeiro', '33983959852', '81988880030', 'felipe.vieira.30@email.com', '$2a$10$kxeAgi3G5EB4M88OweGPxuO1pWfaFUaTBtelqiMQPAHJHgDu/pmL2', '1991-01-31', '30313131313', 'felipe.vieira.30@email.com', 'APPROVED', NULL, 'DRIVER'),
('00000000-0000-0000-0000-000000000031', 'Henrique Pereira Carvalho', '32448160233', '81988880031', 'henrique.pereira.31@email.com', '$2a$10$kxeAgi3G5EB4M88OweGPxuO1pWfaFUaTBtelqiMQPAHJHgDu/pmL2', '1982-04-14', '31323232323', '32448160233', 'APPROVED', NULL, 'DRIVER'),
('00000000-0000-0000-0000-000000000032', 'Rafael Santos Barbosa', '41516623568', '81988880032', 'rafael.santos.32@email.com', '$2a$10$kxeAgi3G5EB4M88OweGPxuO1pWfaFUaTBtelqiMQPAHJHgDu/pmL2', '1986-06-21', '32333333333', 'rafael.santos.32@email.com', 'APPROVED', NULL, 'DRIVER'),
('00000000-0000-0000-0000-000000000033', 'Adriana Ferreira Fernandes', '05143629202', '81988880033', 'adriana.ferreira.33@email.com', '$2a$10$kxeAgi3G5EB4M88OweGPxuO1pWfaFUaTBtelqiMQPAHJHgDu/pmL2', '1980-10-10', '33343434343', '05143629202', 'APPROVED', NULL, 'DRIVER'),
('00000000-0000-0000-0000-000000000034', 'Beatriz Vieira Gomes', '60326370882', '81988880034', 'beatriz.vieira.34@email.com', '$2a$10$kxeAgi3G5EB4M88OweGPxuO1pWfaFUaTBtelqiMQPAHJHgDu/pmL2', '1993-02-14', '34353535353', 'beatriz.vieira.34@email.com', 'APPROVED', NULL, 'DRIVER'),
('00000000-0000-0000-0000-000000000035', 'Fernanda Costa Fernandes', '27174390676', '81988880035', 'fernanda.costa.35@email.com', '$2a$10$kxeAgi3G5EB4M88OweGPxuO1pWfaFUaTBtelqiMQPAHJHgDu/pmL2', '1988-09-09', '35363636363', '27174390676', 'APPROVED', NULL, 'DRIVER'),
('00000000-0000-0000-0000-000000000036', 'Carla Alves Almeida', '52526441146', '81988880036', 'carla.alves.36@email.com', '$2a$10$kxeAgi3G5EB4M88OweGPxuO1pWfaFUaTBtelqiMQPAHJHgDu/pmL2', '1985-12-01', '36373737373', 'carla.alves.36@email.com', 'APPROVED', NULL, 'DRIVER'),
('00000000-0000-0000-0000-000000000037', 'Simone Vieira Silva', '40608184283', '81988880037', 'simone.vieira.37@email.com', '$2a$10$kxeAgi3G5EB4M88OweGPxuO1pWfaFUaTBtelqiMQPAHJHgDu/pmL2', '1979-03-22', '37383838383', '40608184283', 'APPROVED', NULL, 'DRIVER'),
('00000000-0000-0000-0000-000000000038', 'Rafael Vieira Alves', '32676107532', '81988880038', 'rafael.vieira.38@email.com', '$2a$10$kxeAgi3G5EB4M88OweGPxuO1pWfaFUaTBtelqiMQPAHJHgDu/pmL2', '1984-11-15', '38393939393', 'rafael.vieira.38@email.com', 'APPROVED', NULL, 'DRIVER'),
('00000000-0000-0000-0000-000000000039', 'Tiago Fernandes Rodrigues', '63699958227', '81988880039', 'tiago.fernandes.39@email.com', '$2a$10$kxeAgi3G5EB4M88OweGPxuO1pWfaFUaTBtelqiMQPAHJHgDu/pmL2', '1990-05-20', '39404040404', '63699958227', 'APPROVED', NULL, 'DRIVER'),
('00000000-0000-0000-0000-000000000040', 'Beatriz Costa Souza', '30253849717', '81988880040', 'beatriz.costa.40@email.com', '$2a$10$kxeAgi3G5EB4M88OweGPxuO1pWfaFUaTBtelqiMQPAHJHgDu/pmL2', '1992-07-07', '40414141414', 'beatriz.costa.40@email.com', 'APPROVED', NULL, 'DRIVER'),
('00000000-0000-0000-0000-000000000041', 'Renata Almeida Vieira', '97207521958', '81988880041', 'renata.almeida.41@email.com', '$2a$10$kxeAgi3G5EB4M88OweGPxuO1pWfaFUaTBtelqiMQPAHJHgDu/pmL2', '1986-01-18', '41424242424', '97207521958', 'APPROVED', NULL, 'DRIVER'),
('00000000-0000-0000-0000-000000000042', 'Adriana Carvalho Lopes', '88824956918', '81988880042', 'adriana.carvalho.42@email.com', '$2a$10$kxeAgi3G5EB4M88OweGPxuO1pWfaFUaTBtelqiMQPAHJHgDu/pmL2', '1981-08-30', '42434343434', 'adriana.carvalho.42@email.com', 'APPROVED', NULL, 'DRIVER'),
('00000000-0000-0000-0000-000000000043', 'Rafael Lima Silva', '32836471734', '81988880043', 'rafael.lima.43@email.com', '$2a$10$kxeAgi3G5EB4M88OweGPxuO1pWfaFUaTBtelqiMQPAHJHgDu/pmL2', '1983-10-05', '43444444444', '32836471734', 'APPROVED', NULL, 'DRIVER'),
('00000000-0000-0000-0000-000000000044', 'Gustavo Ferreira Oliveira', '47212424654', '81988880044', 'gustavo.ferreira.44@email.com', '$2a$10$kxeAgi3G5EB4M88OweGPxuO1pWfaFUaTBtelqiMQPAHJHgDu/pmL2', '1995-12-12', '44454545454', 'gustavo.ferreira.44@email.com', 'APPROVED', NULL, 'DRIVER'),
('00000000-0000-0000-0000-000000000045', 'Tatiane Silva Ferreira', '60430293051', '81988880045', 'tatiane.silva.45@email.com', '$2a$10$kxeAgi3G5EB4M88OweGPxuO1pWfaFUaTBtelqiMQPAHJHgDu/pmL2', '1988-04-04', '45464646464', '60430293051', 'APPROVED', NULL, 'DRIVER'),
('00000000-0000-0000-0000-000000000046', 'Patrícia Silva Silva', '61246537158', '81988880046', 'patricia.silva.46@email.com', '$2a$10$kxeAgi3G5EB4M88OweGPxuO1pWfaFUaTBtelqiMQPAHJHgDu/pmL2', '1982-02-25', '46474747474', 'patricia.silva.46@email.com', 'APPROVED', NULL, 'DRIVER'),
('00000000-0000-0000-0000-000000000047', 'Carla Lima Rodrigues', '68192283430', '81988880047', 'carla.lima.47@email.com', '$2a$10$kxeAgi3G5EB4M88OweGPxuO1pWfaFUaTBtelqiMQPAHJHgDu/pmL2', '1989-06-14', '47484848484', '68192283430', 'APPROVED', NULL, 'DRIVER'),
('00000000-0000-0000-0000-000000000048', 'Juliana Carvalho Santos', '67344498121', '81988880048', 'juliana.carvalho.48@email.com', '$2a$10$kxeAgi3G5EB4M88OweGPxuO1pWfaFUaTBtelqiMQPAHJHgDu/pmL2', '1991-03-20', '48494949494', 'juliana.carvalho.48@email.com', 'APPROVED', NULL, 'DRIVER'),
('00000000-0000-0000-0000-000000000049', 'Daniela Santos Vieira', '61197197758', '81988880049', 'daniela.santos.49@email.com', '$2a$10$kxeAgi3G5EB4M88OweGPxuO1pWfaFUaTBtelqiMQPAHJHgDu/pmL2', '1987-11-28', '49505050505', '61197197758', 'APPROVED', NULL, 'DRIVER'),
('00000000-0000-0000-0000-000000000050', 'Renata Santos Pereira', '25404049775', '81988880050', 'renata.santos.50@email.com', '$2a$10$kxeAgi3G5EB4M88OweGPxuO1pWfaFUaTBtelqiMQPAHJHgDu/pmL2', '1990-09-01', '50515151515', 'renata.santos.50@email.com', 'APPROVED', NULL, 'DRIVER');

INSERT INTO vehicles (id, plate, model, seats_quantity, driver_id) VALUES
('11111111-1111-1111-1111-111111111101', 'ABC1D23', 'Mercedes Sprinter', 15, '00000000-0000-0000-0000-000000000001'),
('11111111-1111-1111-1111-111111111102', 'DEF4G56', 'Renault Master', 16, '00000000-0000-0000-0000-000000000002'),
('11111111-1111-1111-1111-111111111103', 'GHI7J89', 'Fiat Ducato', 17, '00000000-0000-0000-0000-000000000003'),
('11111111-1111-1111-1111-111111111104', 'JKL0M12', 'Volkswagen Crafter', 16, '00000000-0000-0000-0000-000000000004'),
('11111111-1111-1111-1111-111111111105', 'NOP3Q45', 'Iveco Daily', 15, '00000000-0000-0000-0000-000000000005'),
('11111111-1111-1111-1111-111111111106', 'PQR6S78', 'Mercedes Sprinter', 15, '00000000-0000-0000-0000-000000000006'),
('11111111-1111-1111-1111-111111111107', 'TUV9W01', 'Renault Master', 16, '00000000-0000-0000-0000-000000000007'),
('11111111-1111-1111-1111-111111111108', 'WXY2Z34', 'Fiat Ducato', 17, '00000000-0000-0000-0000-000000000008'),
('11111111-1111-1111-1111-111111111109', 'ZAB5C67', 'Volkswagen Crafter', 16, '00000000-0000-0000-0000-000000000009'),
('11111111-1111-1111-1111-111111111110', 'CDE8F90', 'Iveco Daily', 15, '00000000-0000-0000-0000-000000000010'),
('11111111-1111-1111-1111-111111111111', 'FGH1I23', 'Mercedes Sprinter', 15, '00000000-0000-0000-0000-000000000011'),
('11111111-1111-1111-1111-111111111112', 'IJK4L56', 'Renault Master', 16, '00000000-0000-0000-0000-000000000012'),
('11111111-1111-1111-1111-111111111113', 'LMN7O89', 'Fiat Ducato', 17, '00000000-0000-0000-0000-000000000013'),
('11111111-1111-1111-1111-111111111114', 'OPQ0R12', 'Volkswagen Crafter', 16, '00000000-0000-0000-0000-000000000014'),
('11111111-1111-1111-1111-111111111115', 'RST3U45', 'Iveco Daily', 15, '00000000-0000-0000-0000-000000000015'),
('11111111-1111-1111-1111-111111111116', 'UVW6X78', 'Mercedes Sprinter', 15, '00000000-0000-0000-0000-000000000016'),
('11111111-1111-1111-1111-111111111117', 'XYZ9A01', 'Renault Master', 16, '00000000-0000-0000-0000-000000000017'),
('11111111-1111-1111-1111-111111111118', 'ABC2B34', 'Fiat Ducato', 17, '00000000-0000-0000-0000-000000000018'),
('11111111-1111-1111-1111-111111111119', 'BCD5E67', 'Volkswagen Crafter', 16, '00000000-0000-0000-0000-000000000019'),
('11111111-1111-1111-1111-111111111120', 'DEF8G90', 'Iveco Daily', 15, '00000000-0000-0000-0000-000000000020'),
('11111111-1111-1111-1111-111111111121', 'GHI1H23', 'Mercedes Sprinter', 15, '00000000-0000-0000-0000-000000000021'),
('11111111-1111-1111-1111-111111111122', 'JKL4M56', 'Renault Master', 16, '00000000-0000-0000-0000-000000000022'),
('11111111-1111-1111-1111-111111111123', 'MNO7P89', 'Fiat Ducato', 17, '00000000-0000-0000-0000-000000000023'),
('11111111-1111-1111-1111-111111111124', 'PQR0S12', 'Volkswagen Crafter', 16, '00000000-0000-0000-0000-000000000024'),
('11111111-1111-1111-1111-111111111125', 'STU3V45', 'Iveco Daily', 15, '00000000-0000-0000-0000-000000000025'),
('11111111-1111-1111-1111-111111111126', 'VWX6Y78', 'Mercedes Sprinter', 15, '00000000-0000-0000-0000-000000000026'),
('11111111-1111-1111-1111-111111111127', 'YZA9B01', 'Renault Master', 16, '00000000-0000-0000-0000-000000000027'),
('11111111-1111-1111-1111-111111111128', 'BCD2C34', 'Fiat Ducato', 17, '00000000-0000-0000-0000-000000000028'),
('11111111-1111-1111-1111-111111111129', 'CDE5F67', 'Volkswagen Crafter', 16, '00000000-0000-0000-0000-000000000029'),
('11111111-1111-1111-1111-111111111130', 'EFG8H90', 'Iveco Daily', 15, '00000000-0000-0000-0000-000000000030'),
('11111111-1111-1111-1111-111111111131', 'GHI1J23', 'Mercedes Sprinter', 15, '00000000-0000-0000-0000-000000000031'),
('11111111-1111-1111-1111-111111111132', 'JKL4N56', 'Renault Master', 16, '00000000-0000-0000-0000-000000000032'),
('11111111-1111-1111-1111-111111111133', 'MNO7Q89', 'Fiat Ducato', 17, '00000000-0000-0000-0000-000000000033'),
('11111111-1111-1111-1111-111111111134', 'PQR0T12', 'Volkswagen Crafter', 16, '00000000-0000-0000-0000-000000000034'),
('11111111-1111-1111-1111-111111111135', 'STU3W45', 'Iveco Daily', 15, '00000000-0000-0000-0000-000000000035'),
('11111111-1111-1111-1111-111111111136', 'VWX6Z78', 'Mercedes Sprinter', 15, '00000000-0000-0000-0000-000000000036'),
('11111111-1111-1111-1111-111111111137', 'YZA9C01', 'Renault Master', 16, '00000000-0000-0000-0000-000000000037'),
('11111111-1111-1111-1111-111111111138', 'BCD2D34', 'Fiat Ducato', 17, '00000000-0000-0000-0000-000000000038'),
('11111111-1111-1111-1111-111111111139', 'CDE5G67', 'Volkswagen Crafter', 16, '00000000-0000-0000-0000-000000000039'),
('11111111-1111-1111-1111-111111111140', 'EFG8I90', 'Iveco Daily', 15, '00000000-0000-0000-0000-000000000040'),
('11111111-1111-1111-1111-111111111141', 'GHI1K23', 'Mercedes Sprinter', 15, '00000000-0000-0000-0000-000000000041'),
('11111111-1111-1111-1111-111111111142', 'JKL4O56', 'Renault Master', 16, '00000000-0000-0000-0000-000000000042'),
('11111111-1111-1111-1111-111111111143', 'MNO7R89', 'Fiat Ducato', 17, '00000000-0000-0000-0000-000000000043'),
('11111111-1111-1111-1111-111111111144', 'PQR0U12', 'Volkswagen Crafter', 16, '00000000-0000-0000-0000-000000000044'),
('11111111-1111-1111-1111-111111111145', 'STU3X45', 'Iveco Daily', 15, '00000000-0000-0000-0000-000000000045'),
('11111111-1111-1111-1111-111111111146', 'VWX6A78', 'Mercedes Sprinter', 15, '00000000-0000-0000-0000-000000000046'),
('11111111-1111-1111-1111-111111111147', 'YZA9D01', 'Renault Master', 16, '00000000-0000-0000-0000-000000000047'),
('11111111-1111-1111-1111-111111111148', 'BCD2E34', 'Fiat Ducato', 17, '00000000-0000-0000-0000-000000000048'),
('11111111-1111-1111-1111-111111111149', 'CDE5H67', 'Volkswagen Crafter', 16, '00000000-0000-0000-0000-000000000049'),
('11111111-1111-1111-1111-111111111150', 'EFG8J90', 'Iveco Daily', 15, '00000000-0000-0000-0000-000000000050');

INSERT INTO routes (id, name) VALUES
('22222222-2222-2222-2222-222222222201', 'Garanhuns - Caruaru'),
('22222222-2222-2222-2222-222222222202', 'Caruaru - Garanhuns'),
('22222222-2222-2222-2222-222222222203', 'Garanhuns - Belo Jardim'),
('22222222-2222-2222-2222-222222222204', 'Belo Jardim - Garanhuns'),
('22222222-2222-2222-2222-222222222205', 'Garanhuns - Caetés'),
('22222222-2222-2222-2222-222222222206', 'Caetés - Garanhuns'),
('22222222-2222-2222-2222-222222222207', 'Garanhuns - Recife'),
('22222222-2222-2222-2222-222222222208', 'Recife - Garanhuns'),
('22222222-2222-2222-2222-222222222209', 'Garanhuns - Maceió'),
('22222222-2222-2222-2222-222222222210', 'Maceió - Garanhuns'),
('22222222-2222-2222-2222-222222222211', 'Caruaru - Recife'),
('22222222-2222-2222-2222-222222222212', 'Recife - Caruaru'),
('22222222-2222-2222-2222-222222222213', 'Garanhuns - Palmeirina'),
('22222222-2222-2222-2222-222222222214', 'Palmeirina - Garanhuns'),
('22222222-2222-2222-2222-222222222215', 'Garanhuns - Angelim'),
('22222222-2222-2222-2222-222222222216', 'Angelim - Garanhuns'),
('22222222-2222-2222-2222-222222222217', 'Garanhuns - São João'),
('22222222-2222-2222-2222-222222222218', 'São João - Garanhuns'),
('22222222-2222-2222-2222-222222222219', 'Garanhuns - Bom Conselho'),
('22222222-2222-2222-2222-222222222220', 'Bom Conselho - Garanhuns'),
('22222222-2222-2222-2222-222222222221', 'Garanhuns - Brejão'),
('22222222-2222-2222-2222-222222222222', 'Brejão - Garanhuns'),
('22222222-2222-2222-2222-222222222223', 'Garanhuns - Correntes'),
('22222222-2222-2222-2222-222222222224', 'Correntes - Garanhuns'),
('22222222-2222-2222-2222-222222222225', 'Garanhuns - Lagoa do Ouro'),
('22222222-2222-2222-2222-222222222226', 'Lagoa do Ouro - Garanhuns'),
('22222222-2222-2222-2222-222222222227', 'Garanhuns - Paranatama'),
('22222222-2222-2222-2222-222222222228', 'Paranatama - Garanhuns'),
('22222222-2222-2222-2222-222222222229', 'Garanhuns - Saloá'),
('22222222-2222-2222-2222-222222222230', 'Saloá - Garanhuns'),
('22222222-2222-2222-2222-222222222231', 'Garanhuns - Iati'),
('22222222-2222-2222-2222-222222222232', 'Iati - Garanhuns'),
('22222222-2222-2222-2222-222222222233', 'Garanhuns - Águas Belas'),
('22222222-2222-2222-2222-222222222234', 'Águas Belas - Garanhuns'),
('22222222-2222-2222-2222-222222222235', 'Garanhuns - Jupi'),
('22222222-2222-2222-2222-222222222236', 'Jupi - Garanhuns'),
('22222222-2222-2222-2222-222222222237', 'Garanhuns - Jurema'),
('22222222-2222-2222-2222-222222222238', 'Jurema - Garanhuns'),
('22222222-2222-2222-2222-222222222239', 'Garanhuns - Canhotinho'),
('22222222-2222-2222-2222-222222222240', 'Canhotinho - Garanhuns'),
('22222222-2222-2222-2222-222222222241', 'Garanhuns - Capoeiras'),
('22222222-2222-2222-2222-222222222242', 'Capoeiras - Garanhuns'),
('22222222-2222-2222-2222-222222222243', 'Garanhuns - Pesqueira'),
('22222222-2222-2222-2222-222222222244', 'Pesqueira - Garanhuns'),
('22222222-2222-2222-2222-222222222245', 'Garanhuns - Arcoverde'),
('22222222-2222-2222-2222-222222222246', 'Arcoverde - Garanhuns'),
('22222222-2222-2222-2222-222222222247', 'Garanhuns - Petrolina'),
('22222222-2222-2222-2222-222222222248', 'Petrolina - Garanhuns'),
('22222222-2222-2222-2222-222222222249', 'Caruaru - Bezerros'),
('22222222-2222-2222-2222-222222222250', 'Bezerros - Caruaru');

INSERT INTO route_stops (id, city, stop_location, stop_order, route_id) VALUES
-- ROTA 1: Garanhuns -> Caruaru (...2201)
('33333333-3333-3333-3333-333333333001', 'Garanhuns', 'Rodoviária', 1, '22222222-2222-2222-2222-222222222201'),
('33333333-3333-3333-3333-333333333002', 'São Caetano', 'Posto BR', 2, '22222222-2222-2222-2222-222222222201'),
('33333333-3333-3333-3333-333333333003', 'Caruaru', 'Rodoviária', 3, '22222222-2222-2222-2222-222222222201'),

-- ROTA 2: Caruaru -> Garanhuns (...2202)
('33333333-3333-3333-3333-333333333004', 'Caruaru', 'Rodoviária', 1, '22222222-2222-2222-2222-222222222202'),
('33333333-3333-3333-3333-333333333005', 'São Caetano', 'Posto BR', 2, '22222222-2222-2222-2222-222222222202'),
('33333333-3333-3333-3333-333333333006', 'Garanhuns', 'Rodoviária', 3, '22222222-2222-2222-2222-222222222202'),

-- ROTA 3: Garanhuns -> Belo Jardim (...2203)
('33333333-3333-3333-3333-333333333007', 'Garanhuns', 'Rodoviária', 1, '22222222-2222-2222-2222-222222222203'),
('33333333-3333-3333-3333-333333333008', 'Lajedo', 'Praça da Prefeitura', 2, '22222222-2222-2222-2222-222222222203'),
('33333333-3333-3333-3333-333333333009', 'Belo Jardim', 'Centro', 3, '22222222-2222-2222-2222-222222222203'),

-- ROTA 4: Belo Jardim -> Garanhuns (...2204)
('33333333-3333-3333-3333-333333333010', 'Belo Jardim', 'Centro', 1, '22222222-2222-2222-2222-222222222204'),
('33333333-3333-3333-3333-333333333011', 'Lajedo', 'Praça da Prefeitura', 2, '22222222-2222-2222-2222-222222222204'),
('33333333-3333-3333-3333-333333333012', 'Garanhuns', 'Rodoviária', 3, '22222222-2222-2222-2222-222222222204'),

-- ROTA 5: Garanhuns -> Caetés (...2205)
('33333333-3333-3333-3333-333333333013', 'Garanhuns', 'Rodoviária', 1, '22222222-2222-2222-2222-222222222205'),
('33333333-3333-3333-3333-333333333014', 'Caetés', 'Praça Central', 2, '22222222-2222-2222-2222-222222222205'),

-- ROTA 6: Caetés -> Garanhuns (...2206)
('33333333-3333-3333-3333-333333333015', 'Caetés', 'Praça Central', 1, '22222222-2222-2222-2222-222222222206'),
('33333333-3333-3333-3333-333333333016', 'Garanhuns', 'Rodoviária', 2, '22222222-2222-2222-2222-222222222206'),

-- ROTA 7: Garanhuns -> Recife (...2207)
('33333333-3333-3333-3333-333333333017', 'Garanhuns', 'Rodoviária', 1, '22222222-2222-2222-2222-222222222207'),
('33333333-3333-3333-3333-333333333018', 'Caruaru', 'Rodoviária', 2, '22222222-2222-2222-2222-222222222207'),
('33333333-3333-3333-3333-333333333019', 'Recife', 'TIP', 3, '22222222-2222-2222-2222-222222222207'),

-- ROTA 8: Recife -> Garanhuns (...2208)
('33333333-3333-3333-3333-333333333020', 'Recife', 'TIP', 1, '22222222-2222-2222-2222-222222222208'),
('33333333-3333-3333-3333-333333333021', 'Caruaru', 'Rodoviária', 2, '22222222-2222-2222-2222-222222222208'),
('33333333-3333-3333-3333-333333333022', 'Garanhuns', 'Rodoviária', 3, '22222222-2222-2222-2222-222222222208'),

-- ROTA 9: Garanhuns -> Maceió (...2209)
('33333333-3333-3333-3333-333333333023', 'Garanhuns', 'Rodoviária', 1, '22222222-2222-2222-2222-222222222209'),
('33333333-3333-3333-3333-333333333024', 'Palmeira dos Índios', 'Centro', 2, '22222222-2222-2222-2222-222222222209'),
('33333333-3333-3333-3333-333333333025', 'Maceió', 'Rodoviária', 3, '22222222-2222-2222-2222-222222222209'),

-- ROTA 10: Maceió -> Garanhuns (...2210)
('33333333-3333-3333-3333-333333333026', 'Maceió', 'Rodoviária', 1, '22222222-2222-2222-2222-222222222210'),
('33333333-3333-3333-3333-333333333027', 'Palmeira dos Índios', 'Centro', 2, '22222222-2222-2222-2222-222222222210'),
('33333333-3333-3333-3333-333333333028', 'Garanhuns', 'Rodoviária', 3, '22222222-2222-2222-2222-222222222210'),

-- ROTA 11: Caruaru -> Recife (...2211)
('33333333-3333-3333-3333-333333333029', 'Caruaru', 'Rodoviária', 1, '22222222-2222-2222-2222-222222222211'),
('33333333-3333-3333-3333-333333333030', 'Gravatá', 'Centro', 2, '22222222-2222-2222-2222-222222222211'),
('33333333-3333-3333-3333-333333333031', 'Recife', 'TIP', 3, '22222222-2222-2222-2222-222222222211'),

-- ROTA 12: Recife -> Caruaru (...2212)
('33333333-3333-3333-3333-333333333032', 'Recife', 'TIP', 1, '22222222-2222-2222-2222-222222222212'),
('33333333-3333-3333-3333-333333333033', 'Gravatá', 'Centro', 2, '22222222-2222-2222-2222-222222222212'),
('33333333-3333-3333-3333-333333333034', 'Caruaru', 'Rodoviária', 3, '22222222-2222-2222-2222-222222222212'),

-- ROTAS 13 a 42 (2 pontos cada)
('33333333-3333-3333-3333-333333333035', 'Garanhuns', 'Rodoviária', 1, '22222222-2222-2222-2222-222222222213'),
('33333333-3333-3333-3333-333333333036', 'Palmeirina', 'Centro', 2, '22222222-2222-2222-2222-222222222213'),
('33333333-3333-3333-3333-333333333037', 'Palmeirina', 'Centro', 1, '22222222-2222-2222-2222-222222222214'),
('33333333-3333-3333-3333-333333333038', 'Garanhuns', 'Rodoviária', 2, '22222222-2222-2222-2222-222222222214'),
('33333333-3333-3333-3333-333333333039', 'Garanhuns', 'Rodoviária', 1, '22222222-2222-2222-2222-222222222215'),
('33333333-3333-3333-3333-333333333040', 'Angelim', 'Centro', 2, '22222222-2222-2222-2222-222222222215'),
('33333333-3333-3333-3333-333333333041', 'Angelim', 'Centro', 1, '22222222-2222-2222-2222-222222222216'),
('33333333-3333-3333-3333-333333333042', 'Garanhuns', 'Rodoviária', 2, '22222222-2222-2222-2222-222222222216'),
('33333333-3333-3333-3333-333333333043', 'Garanhuns', 'Rodoviária', 1, '22222222-2222-2222-2222-222222222217'),
('33333333-3333-3333-3333-333333333044', 'São João', 'Centro', 2, '22222222-2222-2222-2222-222222222217'),
('33333333-3333-3333-3333-333333333045', 'São João', 'Centro', 1, '22222222-2222-2222-2222-222222222218'),
('33333333-3333-3333-3333-333333333046', 'Garanhuns', 'Rodoviária', 2, '22222222-2222-2222-2222-222222222218'),
('33333333-3333-3333-3333-333333333047', 'Garanhuns', 'Rodoviária', 1, '22222222-2222-2222-2222-222222222219'),
('33333333-3333-3333-3333-333333333048', 'Bom Conselho', 'Centro', 2, '22222222-2222-2222-2222-222222222219'),
('33333333-3333-3333-3333-333333333049', 'Bom Conselho', 'Centro', 1, '22222222-2222-2222-2222-222222222220'),
('33333333-3333-3333-3333-333333333050', 'Garanhuns', 'Rodoviária', 2, '22222222-2222-2222-2222-222222222220'),
('33333333-3333-3333-3333-333333333051', 'Garanhuns', 'Rodoviária', 1, '22222222-2222-2222-2222-222222222221'),
('33333333-3333-3333-3333-333333333052', 'Brejão', 'Centro', 2, '22222222-2222-2222-2222-222222222221'),
('33333333-3333-3333-3333-333333333053', 'Brejão', 'Centro', 1, '22222222-2222-2222-2222-222222222222'),
('33333333-3333-3333-3333-333333333054', 'Garanhuns', 'Rodoviária', 2, '22222222-2222-2222-2222-222222222222'),
('33333333-3333-3333-3333-333333333055', 'Garanhuns', 'Rodoviária', 1, '22222222-2222-2222-2222-222222222223'),
('33333333-3333-3333-3333-333333333056', 'Correntes', 'Centro', 2, '22222222-2222-2222-2222-222222222223'),
('33333333-3333-3333-3333-333333333057', 'Correntes', 'Centro', 1, '22222222-2222-2222-2222-222222222224'),
('33333333-3333-3333-3333-333333333058', 'Garanhuns', 'Rodoviária', 2, '22222222-2222-2222-2222-222222222224'),
('33333333-3333-3333-3333-333333333059', 'Garanhuns', 'Rodoviária', 1, '22222222-2222-2222-2222-222222222225'),
('33333333-3333-3333-3333-333333333060', 'Lagoa do Ouro', 'Praça Central', 2, '22222222-2222-2222-2222-222222222225'),
('33333333-3333-3333-3333-333333333061', 'Lagoa do Ouro', 'Praça Central', 1, '22222222-2222-2222-2222-222222222226'),
('33333333-3333-3333-3333-333333333062', 'Garanhuns', 'Rodoviária', 2, '22222222-2222-2222-2222-222222222226'),
('33333333-3333-3333-3333-333333333063', 'Garanhuns', 'Rodoviária', 1, '22222222-2222-2222-2222-222222222227'),
('33333333-3333-3333-3333-333333333064', 'Paranatama', 'Centro', 2, '22222222-2222-2222-2222-222222222227'),
('33333333-3333-3333-3333-333333333065', 'Paranatama', 'Centro', 1, '22222222-2222-2222-2222-222222222228'),
('33333333-3333-3333-3333-333333333066', 'Garanhuns', 'Rodoviária', 2, '22222222-2222-2222-2222-222222222228'),
('33333333-3333-3333-3333-333333333067', 'Garanhuns', 'Rodoviária', 1, '22222222-2222-2222-2222-222222222229'),
('33333333-3333-3333-3333-333333333068', 'Saloá', 'Centro', 2, '22222222-2222-2222-2222-222222222229'),
('33333333-3333-3333-3333-333333333069', 'Saloá', 'Centro', 1, '22222222-2222-2222-2222-222222222230'),
('33333333-3333-3333-3333-333333333070', 'Garanhuns', 'Rodoviária', 2, '22222222-2222-2222-2222-222222222230'),
('33333333-3333-3333-3333-333333333071', 'Garanhuns', 'Rodoviária', 1, '22222222-2222-2222-2222-222222222231'),
('33333333-3333-3333-3333-333333333072', 'Iati', 'Centro', 2, '22222222-2222-2222-2222-222222222231'),
('33333333-3333-3333-3333-333333333073', 'Iati', 'Centro', 1, '22222222-2222-2222-2222-222222222232'),
('33333333-3333-3333-3333-333333333074', 'Garanhuns', 'Rodoviária', 2, '22222222-2222-2222-2222-222222222232'),
('33333333-3333-3333-3333-333333333075', 'Garanhuns', 'Rodoviária', 1, '22222222-2222-2222-2222-222222222233'),
('33333333-3333-3333-3333-333333333076', 'Águas Belas', 'Rodoviária', 2, '22222222-2222-2222-2222-222222222233'),
('33333333-3333-3333-3333-333333333077', 'Águas Belas', 'Rodoviária', 1, '22222222-2222-2222-2222-222222222234'),
('33333333-3333-3333-3333-333333333078', 'Garanhuns', 'Rodoviária', 2, '22222222-2222-2222-2222-222222222234'),
('33333333-3333-3333-3333-333333333079', 'Garanhuns', 'Rodoviária', 1, '22222222-2222-2222-2222-222222222235'),
('33333333-3333-3333-3333-333333333080', 'Jupi', 'Centro', 2, '22222222-2222-2222-2222-222222222235'),
('33333333-3333-3333-3333-333333333081', 'Jupi', 'Centro', 1, '22222222-2222-2222-2222-222222222236'),
('33333333-3333-3333-3333-333333333082', 'Garanhuns', 'Rodoviária', 2, '22222222-2222-2222-2222-222222222236'),
('33333333-3333-3333-3333-333333333083', 'Garanhuns', 'Rodoviária', 1, '22222222-2222-2222-2222-222222222237'),
('33333333-3333-3333-3333-333333333084', 'Jurema', 'Centro', 2, '22222222-2222-2222-2222-222222222237'),
('33333333-3333-3333-3333-333333333085', 'Jurema', 'Centro', 1, '22222222-2222-2222-2222-222222222238'),
('33333333-3333-3333-3333-333333333086', 'Garanhuns', 'Rodoviária', 2, '22222222-2222-2222-2222-222222222238'),
('33333333-3333-3333-3333-333333333087', 'Garanhuns', 'Rodoviária', 1, '22222222-2222-2222-2222-222222222239'),
('33333333-3333-3333-3333-333333333088', 'Canhotinho', 'Centro', 2, '22222222-2222-2222-2222-222222222239'),
('33333333-3333-3333-3333-333333333089', 'Canhotinho', 'Centro', 1, '22222222-2222-2222-2222-222222222240'),
('33333333-3333-3333-3333-333333333090', 'Garanhuns', 'Rodoviária', 2, '22222222-2222-2222-2222-222222222240'),
('33333333-3333-3333-3333-333333333091', 'Garanhuns', 'Rodoviária', 1, '22222222-2222-2222-2222-222222222241'),
('33333333-3333-3333-3333-333333333092', 'Capoeiras', 'Centro', 2, '22222222-2222-2222-2222-222222222241'),
('33333333-3333-3333-3333-333333333093', 'Capoeiras', 'Centro', 1, '22222222-2222-2222-2222-222222222242'),
('33333333-3333-3333-3333-333333333094', 'Garanhuns', 'Rodoviária', 2, '22222222-2222-2222-2222-222222222242'),

-- ROTA 43: Garanhuns -> Pesqueira (...2243)
('33333333-3333-3333-3333-333333333095', 'Garanhuns', 'Rodoviária', 1, '22222222-2222-2222-2222-222222222243'),
('33333333-3333-3333-3333-333333333096', 'Lajedo', 'Praça da Prefeitura', 2, '22222222-2222-2222-2222-222222222243'),
('33333333-3333-3333-3333-333333333097', 'Pesqueira', 'Centro', 3, '22222222-2222-2222-2222-222222222243'),

-- ROTA 44: Pesqueira -> Garanhuns (...2244)
('33333333-3333-3333-3333-333333333098', 'Pesqueira', 'Centro', 1, '22222222-2222-2222-2222-222222222244'),
('33333333-3333-3333-3333-333333333099', 'Lajedo', 'Praça da Prefeitura', 2, '22222222-2222-2222-2222-222222222244'),
('33333333-3333-3333-3333-333333333100', 'Garanhuns', 'Rodoviária', 3, '22222222-2222-2222-2222-222222222244'),

-- ROTA 45: Garanhuns -> Arcoverde (...2245)
('33333333-3333-3333-3333-333333333101', 'Garanhuns', 'Rodoviária', 1, '22222222-2222-2222-2222-222222222245'),
('33333333-3333-3333-3333-333333333102', 'Pesqueira', 'Centro', 2, '22222222-2222-2222-2222-222222222245'),
('33333333-3333-3333-3333-333333333103', 'Arcoverde', 'Rodoviária', 3, '22222222-2222-2222-2222-222222222245'),

-- ROTA 46: Arcoverde -> Garanhuns (...2246)
('33333333-3333-3333-3333-333333333104', 'Arcoverde', 'Rodoviária', 1, '22222222-2222-2222-2222-222222222246'),
('33333333-3333-3333-3333-333333333105', 'Pesqueira', 'Centro', 2, '22222222-2222-2222-2222-222222222246'),
('33333333-3333-3333-3333-333333333106', 'Garanhuns', 'Rodoviária', 3, '22222222-2222-2222-2222-222222222246'),

-- ROTA 47: Garanhuns -> Petrolina (...2247)
('33333333-3333-3333-3333-333333333107', 'Garanhuns', 'Rodoviária', 1, '22222222-2222-2222-2222-222222222247'),
('33333333-3333-3333-3333-333333333108', 'Arcoverde', 'Rodoviária', 2, '22222222-2222-2222-2222-222222222247'),
('33333333-3333-3333-3333-333333333109', 'Petrolina', 'Rodoviária', 3, '22222222-2222-2222-2222-222222222247'),

-- ROTA 48: Petrolina -> Garanhuns (...2248)
('33333333-3333-3333-3333-333333333110', 'Petrolina', 'Rodoviária', 1, '22222222-2222-2222-2222-222222222248'),
('33333333-3333-3333-3333-333333333111', 'Arcoverde', 'Rodoviária', 2, '22222222-2222-2222-2222-222222222248'),
('33333333-3333-3333-3333-333333333112', 'Garanhuns', 'Rodoviária', 3, '22222222-2222-2222-2222-222222222248'),

-- ROTA 49: Caruaru -> Bezerros (...2249)
('33333333-3333-3333-3333-333333333113', 'Caruaru', 'Rodoviária', 1, '22222222-2222-2222-2222-222222222249'),
('33333333-3333-3333-3333-333333333114', 'Bezerros', 'Centro', 2, '22222222-2222-2222-2222-222222222249'),

-- ROTA 50: Bezerros -> Caruaru (...2250)
('33333333-3333-3333-3333-333333333115', 'Bezerros', 'Centro', 1, '22222222-2222-2222-2222-222222222250'),
('33333333-3333-3333-3333-333333333116', 'Caruaru', 'Rodoviária', 2, '22222222-2222-2222-2222-222222222250');

INSERT INTO travels (id, departure_time, status, vehicle_id, route_id) VALUES
-- Viagens concluídas (Histórico)
('44444444-4444-4444-4444-444444444401', '2026-02-05 06:30:00', 'COMPLETED', '11111111-1111-1111-1111-111111111101', '22222222-2222-2222-2222-222222222201'),
('44444444-4444-4444-4444-444444444402', '2026-02-05 13:30:00', 'COMPLETED', '11111111-1111-1111-1111-111111111102', '22222222-2222-2222-2222-222222222202'),
('44444444-4444-4444-4444-444444444403', '2026-02-10 07:00:00', 'COMPLETED', '11111111-1111-1111-1111-111111111103', '22222222-2222-2222-2222-222222222203'),
('44444444-4444-4444-4444-444444444404', '2026-02-10 12:00:00', 'COMPLETED', '11111111-1111-1111-1111-111111111104', '22222222-2222-2222-2222-222222222204'),
('44444444-4444-4444-4444-444444444405', '2026-02-15 08:00:00', 'COMPLETED', '11111111-1111-1111-1111-111111111105', '22222222-2222-2222-2222-222222222205'),
('44444444-4444-4444-4444-444444444406', '2026-02-15 11:30:00', 'COMPLETED', '11111111-1111-1111-1111-111111111106', '22222222-2222-2222-2222-222222222206'),
('44444444-4444-4444-4444-444444444407', '2026-02-20 06:00:00', 'COMPLETED', '11111111-1111-1111-1111-111111111107', '22222222-2222-2222-2222-222222222207'),
('44444444-4444-4444-4444-444444444408', '2026-02-20 14:00:00', 'COMPLETED', '11111111-1111-1111-1111-111111111108', '22222222-2222-2222-2222-222222222208'),
('44444444-4444-4444-4444-444444444409', '2026-02-25 07:00:00', 'COMPLETED', '11111111-1111-1111-1111-111111111109', '22222222-2222-2222-2222-222222222209'),
('44444444-4444-4444-4444-444444444410', '2026-02-25 13:30:00', 'COMPLETED', '11111111-1111-1111-1111-111111111110', '22222222-2222-2222-2222-222222222210'),

-- Viagens agendadas (Futuro)
('44444444-4444-4444-4444-444444444411', '2026-03-07 06:30:00', 'SCHEDULED', '11111111-1111-1111-1111-111111111111', '22222222-2222-2222-2222-222222222211'),
('44444444-4444-4444-4444-444444444412', '2026-03-07 15:00:00', 'SCHEDULED', '11111111-1111-1111-1111-111111111112', '22222222-2222-2222-2222-222222222212'),
('44444444-4444-4444-4444-444444444413', '2026-03-07 07:00:00', 'SCHEDULED', '11111111-1111-1111-1111-111111111113', '22222222-2222-2222-2222-222222222213'),
('44444444-4444-4444-4444-444444444414', '2026-03-07 12:00:00', 'SCHEDULED', '11111111-1111-1111-1111-111111111114', '22222222-2222-2222-2222-222222222214'),
('44444444-4444-4444-4444-444444444415', '2026-03-07 08:00:00', 'SCHEDULED', '11111111-1111-1111-1111-111111111115', '22222222-2222-2222-2222-222222222215'),
('44444444-4444-4444-4444-444444444416', '2026-03-07 11:00:00', 'SCHEDULED', '11111111-1111-1111-1111-111111111116', '22222222-2222-2222-2222-222222222216'),
('44444444-4444-4444-4444-444444444417', '2026-03-07 06:00:00', 'SCHEDULED', '11111111-1111-1111-1111-111111111117', '22222222-2222-2222-2222-222222222217'),
('44444444-4444-4444-4444-444444444418', '2026-03-07 14:00:00', 'SCHEDULED', '11111111-1111-1111-1111-111111111118', '22222222-2222-2222-2222-222222222218'),
('44444444-4444-4444-4444-444444444419', '2026-03-07 07:00:00', 'SCHEDULED', '11111111-1111-1111-1111-111111111119', '22222222-2222-2222-2222-222222222219'),
('44444444-4444-4444-4444-444444444420', '2026-03-07 12:00:00', 'SCHEDULED', '11111111-1111-1111-1111-111111111120', '22222222-2222-2222-2222-222222222220'),
('44444444-4444-4444-4444-444444444421', '2026-03-08 06:30:00', 'SCHEDULED', '11111111-1111-1111-1111-111111111121', '22222222-2222-2222-2222-222222222221'),
('44444444-4444-4444-4444-444444444422', '2026-03-08 13:30:00', 'SCHEDULED', '11111111-1111-1111-1111-111111111122', '22222222-2222-2222-2222-222222222222'),
('44444444-4444-4444-4444-444444444423', '2026-03-09 07:00:00', 'SCHEDULED', '11111111-1111-1111-1111-111111111123', '22222222-2222-2222-2222-222222222223'),
('44444444-4444-4444-4444-444444444424', '2026-03-09 15:00:00', 'SCHEDULED', '11111111-1111-1111-1111-111111111124', '22222222-2222-2222-2222-222222222224'),
('44444444-4444-4444-4444-444444444425', '2026-03-10 06:00:00', 'SCHEDULED', '11111111-1111-1111-1111-111111111125', '22222222-2222-2222-2222-222222222225'),
('44444444-4444-4444-4444-444444444426', '2026-03-10 12:30:00', 'SCHEDULED', '11111111-1111-1111-1111-111111111126', '22222222-2222-2222-2222-222222222226'),
('44444444-4444-4444-4444-444444444427', '2026-03-11 07:30:00', 'SCHEDULED', '11111111-1111-1111-1111-111111111127', '22222222-2222-2222-2222-222222222227'),
('44444444-4444-4444-4444-444444444428', '2026-03-11 14:30:00', 'SCHEDULED', '11111111-1111-1111-1111-111111111128', '22222222-2222-2222-2222-222222222228'),
('44444444-4444-4444-4444-444444444429', '2026-03-12 06:00:00', 'SCHEDULED', '11111111-1111-1111-1111-111111111129', '22222222-2222-2222-2222-222222222229'),
('44444444-4444-4444-4444-444444444430', '2026-03-12 13:00:00', 'SCHEDULED', '11111111-1111-1111-1111-111111111130', '22222222-2222-2222-2222-222222222230'),
('44444444-4444-4444-4444-444444444431', '2026-03-13 07:00:00', 'SCHEDULED', '11111111-1111-1111-1111-111111111131', '22222222-2222-2222-2222-222222222231'),
('44444444-4444-4444-4444-444444444432', '2026-03-13 12:00:00', 'SCHEDULED', '11111111-1111-1111-1111-111111111132', '22222222-2222-2222-2222-222222222232'),
('44444444-4444-4444-4444-444444444433', '2026-03-14 06:00:00', 'SCHEDULED', '11111111-1111-1111-1111-111111111133', '22222222-2222-2222-2222-222222222233'),
('44444444-4444-4444-4444-444444444434', '2026-03-14 14:00:00', 'SCHEDULED', '11111111-1111-1111-1111-111111111134', '22222222-2222-2222-2222-222222222234'),
('44444444-4444-4444-4444-444444444435', '2026-03-15 07:00:00', 'SCHEDULED', '11111111-1111-1111-1111-111111111135', '22222222-2222-2222-2222-222222222235'),
('44444444-4444-4444-4444-444444444436', '2026-03-15 12:30:00', 'SCHEDULED', '11111111-1111-1111-1111-111111111136', '22222222-2222-2222-2222-222222222236'),
('44444444-4444-4444-4444-444444444437', '2026-03-16 06:30:00', 'SCHEDULED', '11111111-1111-1111-1111-111111111137', '22222222-2222-2222-2222-222222222237'),
('44444444-4444-4444-4444-444444444438', '2026-03-16 13:30:00', 'SCHEDULED', '11111111-1111-1111-1111-111111111138', '22222222-2222-2222-2222-222222222238'),
('44444444-4444-4444-4444-444444444439', '2026-03-17 07:00:00', 'SCHEDULED', '11111111-1111-1111-1111-111111111139', '22222222-2222-2222-2222-222222222239'),
('44444444-4444-4444-4444-444444444440', '2026-03-17 12:00:00', 'SCHEDULED', '11111111-1111-1111-1111-111111111140', '22222222-2222-2222-2222-222222222240'),
('44444444-4444-4444-4444-444444444441', '2026-03-18 06:00:00', 'SCHEDULED', '11111111-1111-1111-1111-111111111141', '22222222-2222-2222-2222-222222222241'),
('44444444-4444-4444-4444-444444444442', '2026-03-18 14:00:00', 'SCHEDULED', '11111111-1111-1111-1111-111111111142', '22222222-2222-2222-2222-222222222242'),
('44444444-4444-4444-4444-444444444443', '2026-03-19 07:00:00', 'SCHEDULED', '11111111-1111-1111-1111-111111111143', '22222222-2222-2222-2222-222222222243'),
('44444444-4444-4444-4444-444444444444', '2026-03-19 15:00:00', 'SCHEDULED', '11111111-1111-1111-1111-111111111144', '22222222-2222-2222-2222-222222222244'),
('44444444-4444-4444-4444-444444444445', '2026-03-20 06:00:00', 'SCHEDULED', '11111111-1111-1111-1111-111111111145', '22222222-2222-2222-2222-222222222245'),
('44444444-4444-4444-4444-444444444446', '2026-03-20 13:00:00', 'SCHEDULED', '11111111-1111-1111-1111-111111111146', '22222222-2222-2222-2222-222222222246'),
('44444444-4444-4444-4444-444444444447', '2026-03-21 07:00:00', 'SCHEDULED', '11111111-1111-1111-1111-111111111147', '22222222-2222-2222-2222-222222222247'),
('44444444-4444-4444-4444-444444444448', '2026-03-21 12:00:00', 'SCHEDULED', '11111111-1111-1111-1111-111111111148', '22222222-2222-2222-2222-222222222248'),
('44444444-4444-4444-4444-444444444449', '2026-03-22 08:00:00', 'SCHEDULED', '11111111-1111-1111-1111-111111111149', '22222222-2222-2222-2222-222222222249'),
('44444444-4444-4444-4444-444444444450', '2026-03-22 11:30:00', 'SCHEDULED', '11111111-1111-1111-1111-111111111150', '22222222-2222-2222-2222-222222222250');

INSERT INTO travel_prices (id, travel_id, boarding_stop_id, dropoff_stop_id, price) VALUES
-- VIAGEM 01 (Rota 1: 3 pontos)
('66666666-6666-6666-6666-666666660001', '44444444-4444-4444-4444-444444444401', '33333333-3333-3333-3333-333333333001', '33333333-3333-3333-3333-333333333002', 25.00),
('66666666-6666-6666-6666-666666660002', '44444444-4444-4444-4444-444444444401', '33333333-3333-3333-3333-333333333002', '33333333-3333-3333-3333-333333333003', 20.00),
('66666666-6666-6666-6666-666666660003', '44444444-4444-4444-4444-444444444401', '33333333-3333-3333-3333-333333333001', '33333333-3333-3333-3333-333333333003', 45.00),

-- VIAGEM 02 (Rota 2: 3 pontos)
('66666666-6666-6666-6666-666666660004', '44444444-4444-4444-4444-444444444402', '33333333-3333-3333-3333-333333333004', '33333333-3333-3333-3333-333333333005', 20.00),
('66666666-6666-6666-6666-666666660005', '44444444-4444-4444-4444-444444444402', '33333333-3333-3333-3333-333333333005', '33333333-3333-3333-3333-333333333006', 25.00),
('66666666-6666-6666-6666-666666660006', '44444444-4444-4444-4444-444444444402', '33333333-3333-3333-3333-333333333004', '33333333-3333-3333-3333-333333333006', 45.00),

-- VIAGEM 03 (Rota 3: 3 pontos)
('66666666-6666-6666-6666-666666660007', '44444444-4444-4444-4444-444444444403', '33333333-3333-3333-3333-333333333007', '33333333-3333-3333-3333-333333333008', 15.00),
('66666666-6666-6666-6666-666666660008', '44444444-4444-4444-4444-444444444403', '33333333-3333-3333-3333-333333333008', '33333333-3333-3333-3333-333333333009', 15.00),
('66666666-6666-6666-6666-666666660009', '44444444-4444-4444-4444-444444444403', '33333333-3333-3333-3333-333333333007', '33333333-3333-3333-3333-333333333009', 30.00),

-- VIAGEM 04 (Rota 4: 3 pontos)
('66666666-6666-6666-6666-666666660010', '44444444-4444-4444-4444-444444444404', '33333333-3333-3333-3333-333333333010', '33333333-3333-3333-3333-333333333011', 15.00),
('66666666-6666-6666-6666-666666660011', '44444444-4444-4444-4444-444444444404', '33333333-3333-3333-3333-333333333011', '33333333-3333-3333-3333-333333333012', 15.00),
('66666666-6666-6666-6666-666666660012', '44444444-4444-4444-4444-444444444404', '33333333-3333-3333-3333-333333333010', '33333333-3333-3333-3333-333333333012', 30.00),

-- VIAGEM 05 (Rota 5: 2 pontos)
('66666666-6666-6666-6666-666666660013', '44444444-4444-4444-4444-444444444405', '33333333-3333-3333-3333-333333333013', '33333333-3333-3333-3333-333333333014', 10.00),

-- VIAGEM 06 (Rota 6: 2 pontos)
('66666666-6666-6666-6666-666666660014', '44444444-4444-4444-4444-444444444406', '33333333-3333-3333-3333-333333333015', '33333333-3333-3333-3333-333333333016', 10.00),

-- VIAGEM 07 (Rota 7: 3 pontos)
('66666666-6666-6666-6666-666666660015', '44444444-4444-4444-4444-444444444407', '33333333-3333-3333-3333-333333333017', '33333333-3333-3333-3333-333333333018', 35.00),
('66666666-6666-6666-6666-666666660016', '44444444-4444-4444-4444-444444444407', '33333333-3333-3333-3333-333333333018', '33333333-3333-3333-3333-333333333019', 40.00),
('66666666-6666-6666-6666-666666660017', '44444444-4444-4444-4444-444444444407', '33333333-3333-3333-3333-333333333017', '33333333-3333-3333-3333-333333333019', 75.00),

-- VIAGEM 08 (Rota 8: 3 pontos)
('66666666-6666-6666-6666-666666660018', '44444444-4444-4444-4444-444444444408', '33333333-3333-3333-3333-333333333020', '33333333-3333-3333-3333-333333333021', 40.00),
('66666666-6666-6666-6666-666666660019', '44444444-4444-4444-4444-444444444408', '33333333-3333-3333-3333-333333333021', '33333333-3333-3333-3333-333333333022', 35.00),
('66666666-6666-6666-6666-666666660020', '44444444-4444-4444-4444-444444444408', '33333333-3333-3333-3333-333333333020', '33333333-3333-3333-3333-333333333022', 75.00),

-- VIAGEM 09 (Rota 9: 3 pontos)
('66666666-6666-6666-6666-666666660021', '44444444-4444-4444-4444-444444444409', '33333333-3333-3333-3333-333333333023', '33333333-3333-3333-3333-333333333024', 35.00),
('66666666-6666-6666-6666-666666660022', '44444444-4444-4444-4444-444444444409', '33333333-3333-3333-3333-333333333024', '33333333-3333-3333-3333-333333333025', 55.00),
('66666666-6666-6666-6666-666666660023', '44444444-4444-4444-4444-444444444409', '33333333-3333-3333-3333-333333333023', '33333333-3333-3333-3333-333333333025', 90.00),

-- VIAGEM 10 (Rota 10: 3 pontos)
('66666666-6666-6666-6666-666666660024', '44444444-4444-4444-4444-444444444410', '33333333-3333-3333-3333-333333333026', '33333333-3333-3333-3333-333333333027', 55.00),
('66666666-6666-6666-6666-666666660025', '44444444-4444-4444-4444-444444444410', '33333333-3333-3333-3333-333333333027', '33333333-3333-3333-3333-333333333028', 35.00),
('66666666-6666-6666-6666-666666660026', '44444444-4444-4444-4444-444444444410', '33333333-3333-3333-3333-333333333026', '33333333-3333-3333-3333-333333333028', 90.00),

-- VIAGEM 11 (Rota 11: 3 pontos)
('66666666-6666-6666-6666-666666660027', '44444444-4444-4444-4444-444444444411', '33333333-3333-3333-3333-333333333029', '33333333-3333-3333-3333-333333333030', 20.00),
('66666666-6666-6666-6666-666666660028', '44444444-4444-4444-4444-444444444411', '33333333-3333-3333-3333-333333333030', '33333333-3333-3333-3333-333333333031', 25.00),
('66666666-6666-6666-6666-666666660029', '44444444-4444-4444-4444-444444444411', '33333333-3333-3333-3333-333333333029', '33333333-3333-3333-3333-333333333031', 45.00),

-- VIAGEM 12 (Rota 12: 3 pontos)
('66666666-6666-6666-6666-666666660030', '44444444-4444-4444-4444-444444444412', '33333333-3333-3333-3333-333333333032', '33333333-3333-3333-3333-333333333033', 25.00),
('66666666-6666-6666-6666-666666660031', '44444444-4444-4444-4444-444444444412', '33333333-3333-3333-3333-333333333033', '33333333-3333-3333-3333-333333333034', 20.00),
('66666666-6666-6666-6666-666666660032', '44444444-4444-4444-4444-444444444412', '33333333-3333-3333-3333-333333333032', '33333333-3333-3333-3333-333333333034', 45.00),

-- VIAGENS 13 a 42 (Todas 2 pontos - Direto)
('66666666-6666-6666-6666-666666660033', '44444444-4444-4444-4444-444444444413', '33333333-3333-3333-3333-333333333035', '33333333-3333-3333-3333-333333333036', 12.00),
('66666666-6666-6666-6666-666666660034', '44444444-4444-4444-4444-444444444414', '33333333-3333-3333-3333-333333333037', '33333333-3333-3333-3333-333333333038', 12.00),
('66666666-6666-6666-6666-666666660035', '44444444-4444-4444-4444-444444444415', '33333333-3333-3333-3333-333333333039', '33333333-3333-3333-3333-333333333040', 10.00),
('66666666-6666-6666-6666-666666660036', '44444444-4444-4444-4444-444444444416', '33333333-3333-3333-3333-333333333041', '33333333-3333-3333-3333-333333333042', 10.00),
('66666666-6666-6666-6666-666666660037', '44444444-4444-4444-4444-444444444417', '33333333-3333-3333-3333-333333333043', '33333333-3333-3333-3333-333333333044', 10.00),
('66666666-6666-6666-6666-666666660038', '44444444-4444-4444-4444-444444444418', '33333333-3333-3333-3333-333333333045', '33333333-3333-3333-3333-333333333046', 10.00),
('66666666-6666-6666-6666-666666660039', '44444444-4444-4444-4444-444444444419', '33333333-3333-3333-3333-333333333047', '33333333-3333-3333-3333-333333333048', 18.00),
('66666666-6666-6666-6666-666666660040', '44444444-4444-4444-4444-444444444420', '33333333-3333-3333-3333-333333333049', '33333333-3333-3333-3333-333333333050', 18.00),
('66666666-6666-6666-6666-666666660041', '44444444-4444-4444-4444-444444444421', '33333333-3333-3333-3333-333333333051', '33333333-3333-3333-3333-333333333052', 8.00),
('66666666-6666-6666-6666-666666660042', '44444444-4444-4444-4444-444444444422', '33333333-3333-3333-3333-333333333053', '33333333-3333-3333-3333-333333333054', 8.00),
('66666666-6666-6666-6666-666666660043', '44444444-4444-4444-4444-444444444423', '33333333-3333-3333-3333-333333333055', '33333333-3333-3333-3333-333333333056', 15.00),
('66666666-6666-6666-6666-666666660044', '44444444-4444-4444-4444-444444444424', '33333333-3333-3333-3333-333333333057', '33333333-3333-3333-3333-333333333058', 15.00),
('66666666-6666-6666-6666-666666660045', '44444444-4444-4444-4444-444444444425', '33333333-3333-3333-3333-333333333059', '33333333-3333-3333-3333-333333333060', 12.00),
('66666666-6666-6666-6666-666666660046', '44444444-4444-4444-4444-444444444426', '33333333-3333-3333-3333-333333333061', '33333333-3333-3333-3333-333333333062', 12.00),
('66666666-6666-6666-6666-666666660047', '44444444-4444-4444-4444-444444444427', '33333333-3333-3333-3333-333333333063', '33333333-3333-3333-3333-333333333064', 9.00),
('66666666-6666-6666-6666-666666660048', '44444444-4444-4444-4444-444444444428', '33333333-3333-3333-3333-333333333065', '33333333-3333-3333-3333-333333333066', 9.00),
('66666666-6666-6666-6666-666666660049', '44444444-4444-4444-4444-444444444429', '33333333-3333-3333-3333-333333333067', '33333333-3333-3333-3333-333333333068', 14.00),
('66666666-6666-6666-6666-666666660050', '44444444-4444-4444-4444-444444444430', '33333333-3333-3333-3333-333333333069', '33333333-3333-3333-3333-333333333070', 14.00),
('66666666-6666-6666-6666-666666660051', '44444444-4444-4444-4444-444444444431', '33333333-3333-3333-3333-333333333071', '33333333-3333-3333-3333-333333333072', 20.00),
('66666666-6666-6666-6666-666666660052', '44444444-4444-4444-4444-444444444432', '33333333-3333-3333-3333-333333333073', '33333333-3333-3333-3333-333333333074', 20.00),
('66666666-6666-6666-6666-666666660053', '44444444-4444-4444-4444-444444444433', '33333333-3333-3333-3333-333333333075', '33333333-3333-3333-3333-333333333076', 22.00),
('66666666-6666-6666-6666-666666660054', '44444444-4444-4444-4444-444444444434', '33333333-3333-3333-3333-333333333077', '33333333-3333-3333-3333-333333333078', 22.00),
('66666666-6666-6666-6666-666666660055', '44444444-4444-4444-4444-444444444435', '33333333-3333-3333-3333-333333333079', '33333333-3333-3333-3333-333333333080', 7.00),
('66666666-6666-6666-6666-666666660056', '44444444-4444-4444-4444-444444444436', '33333333-3333-3333-3333-333333333081', '33333333-3333-3333-3333-333333333082', 7.00),
('66666666-6666-6666-6666-666666660057', '44444444-4444-4444-4444-444444444437', '33333333-3333-3333-3333-333333333083', '33333333-3333-3333-3333-333333333084', 11.00),
('66666666-6666-6666-6666-666666660058', '44444444-4444-4444-4444-444444444438', '33333333-3333-3333-3333-333333333085', '33333333-3333-3333-3333-333333333086', 11.00),
('66666666-6666-6666-6666-666666660059', '44444444-4444-4444-4444-444444444439', '33333333-3333-3333-3333-333333333087', '33333333-3333-3333-3333-333333333088', 13.00),
('66666666-6666-6666-6666-666666660060', '44444444-4444-4444-4444-444444444440', '33333333-3333-3333-3333-333333333089', '33333333-3333-3333-3333-333333333090', 13.00),
('66666666-6666-6666-6666-666666660061', '44444444-4444-4444-4444-444444444441', '33333333-3333-3333-3333-333333333091', '33333333-3333-3333-3333-333333333092', 9.00),
('66666666-6666-6666-6666-666666660062', '44444444-4444-4444-4444-444444444442', '33333333-3333-3333-3333-333333333093', '33333333-3333-3333-3333-333333333094', 9.00),

-- VIAGEM 43 (Rota 43: 3 pontos)
('66666666-6666-6666-6666-666666660063', '44444444-4444-4444-4444-444444444443', '33333333-3333-3333-3333-333333333095', '33333333-3333-3333-3333-333333333096', 15.00),
('66666666-6666-6666-6666-666666660064', '44444444-4444-4444-4444-444444444443', '33333333-3333-3333-3333-333333333096', '33333333-3333-3333-3333-333333333097', 20.00),
('66666666-6666-6666-6666-666666660065', '44444444-4444-4444-4444-444444444443', '33333333-3333-3333-3333-333333333095', '33333333-3333-3333-3333-333333333097', 35.00),

-- VIAGEM 44 (Rota 44: 3 pontos)
('66666666-6666-6666-6666-666666660066', '44444444-4444-4444-4444-444444444444', '33333333-3333-3333-3333-333333333098', '33333333-3333-3333-3333-333333333099', 20.00),
('66666666-6666-6666-6666-666666660067', '44444444-4444-4444-4444-444444444444', '33333333-3333-3333-3333-333333333099', '33333333-3333-3333-3333-333333333100', 15.00),
('66666666-6666-6666-6666-666666660068', '44444444-4444-4444-4444-444444444444', '33333333-3333-3333-3333-333333333098', '33333333-3333-3333-3333-333333333100', 35.00),

-- VIAGEM 45 (Rota 45: 3 pontos)
('66666666-6666-6666-6666-666666660069', '44444444-4444-4444-4444-444444444445', '33333333-3333-3333-3333-333333333101', '33333333-3333-3333-3333-333333333102', 25.00),
('66666666-6666-6666-6666-666666660070', '44444444-4444-4444-4444-444444444445', '33333333-3333-3333-3333-333333333102', '33333333-3333-3333-3333-333333333103', 30.00),
('66666666-6666-6666-6666-666666660071', '44444444-4444-4444-4444-444444444445', '33333333-3333-3333-3333-333333333101', '33333333-3333-3333-3333-333333333103', 55.00),

-- VIAGEM 46 (Rota 46: 3 pontos)
('66666666-6666-6666-6666-666666660072', '44444444-4444-4444-4444-444444444446', '33333333-3333-3333-3333-333333333104', '33333333-3333-3333-3333-333333333105', 30.00),
('66666666-6666-6666-6666-666666660073', '44444444-4444-4444-4444-444444444446', '33333333-3333-3333-3333-333333333105', '33333333-3333-3333-3333-333333333106', 25.00),
('66666666-6666-6666-6666-666666660074', '44444444-4444-4444-4444-444444444446', '33333333-3333-3333-3333-333333333104', '33333333-3333-3333-3333-333333333106', 55.00),

-- VIAGEM 47 (Rota 47: 3 pontos)
('66666666-6666-6666-6666-666666660075', '44444444-4444-4444-4444-444444444447', '33333333-3333-3333-3333-333333333107', '33333333-3333-3333-3333-333333333108', 40.00),
('66666666-6666-6666-6666-666666660076', '44444444-4444-4444-4444-444444444447', '33333333-3333-3333-3333-333333333108', '33333333-3333-3333-3333-333333333109', 60.00),
('66666666-6666-6666-6666-666666660077', '44444444-4444-4444-4444-444444444447', '33333333-3333-3333-3333-333333333107', '33333333-3333-3333-3333-333333333109', 100.00),

-- VIAGEM 48 (Rota 48: 3 pontos)
('66666666-6666-6666-6666-666666660078', '44444444-4444-4444-4444-444444444448', '33333333-3333-3333-3333-333333333110', '33333333-3333-3333-3333-333333333111', 60.00),
('66666666-6666-6666-6666-666666660079', '44444444-4444-4444-4444-444444444448', '33333333-3333-3333-3333-333333333111', '33333333-3333-3333-3333-333333333112', 40.00),
('66666666-6666-6666-6666-666666660080', '44444444-4444-4444-4444-444444444448', '33333333-3333-3333-3333-333333333110', '33333333-3333-3333-3333-333333333112', 100.00),

-- VIAGEM 49 (Rota 49: 2 pontos)
('66666666-6666-6666-6666-666666660081', '44444444-4444-4444-4444-444444444449', '33333333-3333-3333-3333-333333333113', '33333333-3333-3333-3333-333333333114', 12.00),

-- VIAGEM 50 (Rota 50: 2 pontos)
('66666666-6666-6666-6666-666666660082', '44444444-4444-4444-4444-444444444450', '33333333-3333-3333-3333-333333333115', '33333333-3333-3333-3333-333333333116', 12.00);

INSERT INTO passengers (id, name, cpf, email, password, phone, birth_date, role) VALUES
('55555555-5555-5555-5555-555555555001', 'Lucas Andrade', '49756045078', 'lucas.andrade@email.com', '$2a$10$kxeAgi3G5EB4M88OweGPxuO1pWfaFUaTBtelqiMQPAHJHgDu/pmL2', '81988887701', '1995-03-12', 'PASSENGER'),
('55555555-5555-5555-5555-555555555002', 'Fernanda Oliveira', '82845610050', 'fernanda.oliveira@email.com', '$2a$10$kxeAgi3G5EB4M88OweGPxuO1pWfaFUaTBtelqiMQPAHJHgDu/pmL2', '81988887702', '1990-07-25', 'PASSENGER'),
('55555555-5555-5555-5555-555555555003', 'Pedro Henrique Santos', '32785461014', 'pedro.santos@email.com', '$2a$10$kxeAgi3G5EB4M88OweGPxuO1pWfaFUaTBtelqiMQPAHJHgDu/pmL2', '81988887703', '1988-11-05', 'PASSENGER'),
('55555555-5555-5555-5555-555555555004', 'Juliana Costa', '21548796032', 'juliana.costa@email.com', '$2a$10$kxeAgi3G5EB4M88OweGPxuO1pWfaFUaTBtelqiMQPAHJHgDu/pmL2', '81988887704', '2000-01-15', 'PASSENGER'),
('55555555-5555-5555-5555-555555555005', 'Marcos Vinícius Almeida', '54879632015', 'marcos.almeida@email.com', '$2a$10$kxeAgi3G5EB4M88OweGPxuO1pWfaFUaTBtelqiMQPAHJHgDu/pmL2', '81988887705', '1983-03-10', 'PASSENGER'),
('55555555-5555-5555-5555-555555555006', 'Beatriz Cavalcanti', '34464377420', 'beatriz.c@email.com', '$2a$10$kxeAgi3G5EB4M88OweGPxuO1pWfaFUaTBtelqiMQPAHJHgDu/pmL2', '81988887706', '1997-09-14', 'PASSENGER'),
('55555555-5555-5555-5555-555555555007', 'Ricardo Ferreira', '74076113535', 'ricardo.f@email.com', '$2a$10$kxeAgi3G5EB4M88OweGPxuO1pWfaFUaTBtelqiMQPAHJHgDu/pmL2', '81988887707', '1985-05-30', 'PASSENGER'),
('55555555-5555-5555-5555-555555555008', 'Camila Souza', '66146561116', 'camila.s@email.com', '$2a$10$kxeAgi3G5EB4M88OweGPxuO1pWfaFUaTBtelqiMQPAHJHgDu/pmL2', '81988887708', '1992-06-18', 'PASSENGER'),
('55555555-5555-5555-5555-555555555009', 'Thiago Monte', '19566415264', 'thiago.m@email.com', '$2a$10$kxeAgi3G5EB4M88OweGPxuO1pWfaFUaTBtelqiMQPAHJHgDu/pmL2', '81988887709', '1981-12-12', 'PASSENGER'),
('55555555-5555-5555-5555-555555555010', 'Larissa Manoela', '68905108263', 'larissa.m@email.com', '$2a$10$kxeAgi3G5EB4M88OweGPxuO1pWfaFUaTBtelqiMQPAHJHgDu/pmL2', '81988887710', '1999-04-20', 'PASSENGER'),
('55555555-5555-5555-5555-555555555011', 'Gabriel Barbosa', '76914772781', 'gabriel.b@email.com', '$2a$10$kxeAgi3G5EB4M88OweGPxuO1pWfaFUaTBtelqiMQPAHJHgDu/pmL2', '81988887711', '1996-08-30', 'PASSENGER'),
('55555555-5555-5555-5555-555555555012', 'Amanda Lima Mascena', '04084561689', 'amanda.l@email.com', '$2a$10$kxeAgi3G5EB4M88OweGPxuO1pWfaFUaTBtelqiMQPAHJHgDu/pmL2', '81988887712', '1994-10-01', 'PASSENGER'),
('55555555-5555-5555-5555-555555555013', 'Bruno Henrique', '59946269607', 'bruno.h@email.com', '$2a$10$kxeAgi3G5EB4M88OweGPxuO1pWfaFUaTBtelqiMQPAHJHgDu/pmL2', '81988887713', '1990-01-27', 'PASSENGER'),
('55555555-5555-5555-5555-555555555014', 'Geraldo Feliciano', '13677767987', 'geraldo.f@email.com', '$2a$10$kxeAgi3G5EB4M88OweGPxuO1pWfaFUaTBtelqiMQPAHJHgDu/pmL2', '81988887714', '1975-02-11', 'PASSENGER'),
('55555555-5555-5555-5555-555555555015', 'Felipe Melo', '00286090695', 'felipe.m@email.com', '$2a$10$kxeAgi3G5EB4M88OweGPxuO1pWfaFUaTBtelqiMQPAHJHgDu/pmL2', '81988887715', '1983-06-26', 'PASSENGER'),
('55555555-5555-5555-5555-555555555016', 'Renata Vasconcellos', '20938034800', 'renata.v@email.com', '$2a$10$kxeAgi3G5EB4M88OweGPxuO1pWfaFUaTBtelqiMQPAHJHgDu/pmL2', '81988887716', '1972-03-10', 'PASSENGER'),
('55555555-5555-5555-5555-555555555017', 'Maysa Barbosa da Silva', '18965140862', 'maysa.b@email.com', '$2a$10$kxeAgi3G5EB4M88OweGPxuO1pWfaFUaTBtelqiMQPAHJHgDu/pmL2', '81988887717', '2002-11-15', 'PASSENGER'),
('55555555-5555-5555-5555-555555555018', 'Patrícia Poeta', '05260060479', 'patricia.p@email.com', '$2a$10$kxeAgi3G5EB4M88OweGPxuO1pWfaFUaTBtelqiMQPAHJHgDu/pmL2', '81988887718', '1976-10-19', 'PASSENGER'),
('55555555-5555-5555-5555-555555555019', 'Daniel Alves Almeida', '39545812232', 'daniel.a@email.com', '$2a$10$kxeAgi3G5EB4M88OweGPxuO1pWfaFUaTBtelqiMQPAHJHgDu/pmL2', '81988887719', '1983-05-06', 'PASSENGER'),
('55555555-5555-5555-5555-555555555020', 'Julio Casares', '12271307773', 'julio.c@email.com', '$2a$10$kxeAgi3G5EB4M88OweGPxuO1pWfaFUaTBtelqiMQPAHJHgDu/pmL2', '81988887720', '1961-09-14', 'PASSENGER'),
('55555555-5555-5555-5555-555555555021', 'Marcos Rocha', '85290458564', 'marcos.r@email.com', '$2a$10$kxeAgi3G5EB4M88OweGPxuO1pWfaFUaTBtelqiMQPAHJHgDu/pmL2', '81988887721', '1988-12-11', 'PASSENGER'),
('55555555-5555-5555-5555-555555555022', 'Gustavo Scarpa', '17697611827', 'gustavo.s@email.com', '$2a$10$kxeAgi3G5EB4M88OweGPxuO1pWfaFUaTBtelqiMQPAHJHgDu/pmL2', '81988887722', '1994-01-05', 'PASSENGER'),
('55555555-5555-5555-5555-555555555023', 'Dudu Guerreiro', '85519324110', 'dudu.g@email.com', '$2a$10$kxeAgi3G5EB4M88OweGPxuO1pWfaFUaTBtelqiMQPAHJHgDu/pmL2', '81988887723', '1992-01-07', 'PASSENGER'),
('55555555-5555-5555-5555-555555555024', 'Ronylton Barros Lira', '23078700468', 'rony.barros@email.com', '$2a$10$kxeAgi3G5EB4M88OweGPxuO1pWfaFUaTBtelqiMQPAHJHgDu/pmL2', '81988887724', '1995-05-11', 'PASSENGER'),
('55555555-5555-5555-5555-555555555025', 'Weverton Silva', '15248631495', 'weverton.s@email.com', '$2a$10$kxeAgi3G5EB4M88OweGPxuO1pWfaFUaTBtelqiMQPAHJHgDu/pmL2', '81988887725', '1987-12-13', 'PASSENGER'),
('55555555-5555-5555-5555-555555555026', 'Joaquim Piquerez', '00439020775', 'joaquim.p@email.com', '$2a$10$kxeAgi3G5EB4M88OweGPxuO1pWfaFUaTBtelqiMQPAHJHgDu/pmL2', '81988887726', '1998-08-24', 'PASSENGER'),
('55555555-5555-5555-5555-555555555027', 'Raphael Veiga Lopez', '23035314106', 'raphael.v@email.com', '$2a$10$kxeAgi3G5EB4M88OweGPxuO1pWfaFUaTBtelqiMQPAHJHgDu/pmL2', '81988887727', '1995-06-19', 'PASSENGER'),
('55555555-5555-5555-5555-555555555028', 'Murilo Costa', '99057079922', 'murilo.c@email.com', '$2a$10$kxeAgi3G5EB4M88OweGPxuO1pWfaFUaTBtelqiMQPAHJHgDu/pmL2', '81988887728', '1997-03-27', 'PASSENGER'),
('55555555-5555-5555-5555-555555555029', 'João Maria Filho', '85356071103', 'joao.m.filho@email.com', '$2a$10$kxeAgi3G5EB4M88OweGPxuO1pWfaFUaTBtelqiMQPAHJHgDu/pmL2', '81988887729', '1980-04-14', 'PASSENGER'),
('55555555-5555-5555-5555-555555555030', 'José Rafael Vieira', '33983959852', 'ze.rafa@email.com', '$2a$10$kxeAgi3G5EB4M88OweGPxuO1pWfaFUaTBtelqiMQPAHJHgDu/pmL2', '81988887730', '1993-06-16', 'PASSENGER'),
('55555555-5555-5555-5555-555555555031', 'José Douglas Costa', '32448160233', 'jose.douglas@email.com', '$2a$10$kxeAgi3G5EB4M88OweGPxuO1pWfaFUaTBtelqiMQPAHJHgDu/pmL2', '81988887731', '1990-09-14', 'PASSENGER'),
('55555555-5555-5555-5555-555555555032', 'Endrick Felipe', '41516623568', 'endrick.f@email.com', '$2a$10$kxeAgi3G5EB4M88OweGPxuO1pWfaFUaTBtelqiMQPAHJHgDu/pmL2', '81988887732', '2006-07-21', 'PASSENGER'),
('55555555-5555-5555-5555-555555555033', 'Estêvão Willian', '05143629202', 'estevao.w@email.com', '$2a$10$kxeAgi3G5EB4M88OweGPxuO1pWfaFUaTBtelqiMQPAHJHgDu/pmL2', '81988887733', '2007-04-24', 'PASSENGER'),
('55555555-5555-5555-5555-555555555034', 'Richard Ríos', '60326370882', 'richard.r@email.com', '$2a$10$kxeAgi3G5EB4M88OweGPxuO1pWfaFUaTBtelqiMQPAHJHgDu/pmL2', '81988887734', '2000-06-02', 'PASSENGER'),
('55555555-5555-5555-5555-555555555035', 'Lázaro Vinícius', '27174390676', 'lazaro.v@email.com', '$2a$10$kxeAgi3G5EB4M88OweGPxuO1pWfaFUaTBtelqiMQPAHJHgDu/pmL2', '81988887735', '2002-03-12', 'PASSENGER'),
('55555555-5555-5555-5555-555555555036', 'Caio Paulista', '52526441146', 'caio.p@email.com', '$2a$10$kxeAgi3G5EB4M88OweGPxuO1pWfaFUaTBtelqiMQPAHJHgDu/pmL2', '81988887736', '1998-05-11', 'PASSENGER'),
('55555555-5555-5555-5555-555555555037', 'Henrique Flaco López', '40608184283', 'flaco.henrique@email.com', '$2a$10$kxeAgi3G5EB4M88OweGPxuO1pWfaFUaTBtelqiMQPAHJHgDu/pmL2', '81988887737', '2000-11-02', 'PASSENGER'),
('55555555-5555-5555-5555-555555555038', 'Breno Lopes', '32676107532', 'breno.l@email.com', '$2a$10$kxeAgi3G5EB4M88OweGPxuO1pWfaFUaTBtelqiMQPAHJHgDu/pmL2', '81988887738', '1996-01-24', 'PASSENGER'),
('55555555-5555-5555-5555-555555555039', 'Fabinho Silva', '63699958227', 'fabinho.s@email.com', '$2a$10$kxeAgi3G5EB4M88OweGPxuO1pWfaFUaTBtelqiMQPAHJHgDu/pmL2', '81988887739', '2002-04-09', 'PASSENGER'),
('55555555-5555-5555-5555-555555555040', 'Vanderlan Barbosa', '30253849717', 'vanderlan.b@email.com', '$2a$10$kxeAgi3G5EB4M88OweGPxuO1pWfaFUaTBtelqiMQPAHJHgDu/pmL2', '81988887740', '2002-09-07', 'PASSENGER'),
('55555555-5555-5555-5555-555555555041', 'Valdemir Alexandre da Silva', '97207521958', 'valdemir.a@email.com', '$2a$10$kxeAgi3G5EB4M88OweGPxuO1pWfaFUaTBtelqiMQPAHJHgDu/pmL2', '81988887741', '1978-08-30', 'PASSENGER'),
('55555555-5555-5555-5555-555555555042', 'Garcia Alveza', '88824956918', 'garcia.a@email.com', '$2a$10$kxeAgi3G5EB4M88OweGPxuO1pWfaFUaTBtelqiMQPAHJHgDu/pmL2', '81988887742', '1999-12-05', 'PASSENGER'),
('55555555-5555-5555-5555-555555555043', 'Marcelo Lomba', '32836471734', 'marcelo.l@email.com', '$2a$10$kxeAgi3G5EB4M88OweGPxuO1pWfaFUaTBtelqiMQPAHJHgDu/pmL2', '81988887743', '1986-12-30', 'PASSENGER'),
('55555555-5555-5555-5555-555555555044', 'Gabriel Henrique Portugal', '47212424654', 'gabriel.h.portugal@email.com', '$2a$10$kxeAgi3G5EB4M88OweGPxuO1pWfaFUaTBtelqiMQPAHJHgDu/pmL2', '81988887744', '1994-02-14', 'PASSENGER'),
('55555555-5555-5555-5555-555555555045', 'Jhon Oliver Marques', '60430293051', 'jhon.O@email.com', '$2a$10$kxeAgi3G5EB4M88OweGPxuO1pWfaFUaTBtelqiMQPAHJHgDu/pmL2', '81988887745', '1991-07-07', 'PASSENGER'),
('55555555-5555-5555-5555-555555555046', 'Luís Guilherme', '61246537158', 'luis.g@email.com', '$2a$10$kxeAgi3G5EB4M88OweGPxuO1pWfaFUaTBtelqiMQPAHJHgDu/pmL2', '81988887746', '2006-02-09', 'PASSENGER'),
('55555555-5555-5555-5555-555555555047', 'Maurício Magalhães', '68192283430', 'mauricio.m@email.com', '$2a$10$kxeAgi3G5EB4M88OweGPxuO1pWfaFUaTBtelqiMQPAHJHgDu/pmL2', '81988887747', '2001-06-22', 'PASSENGER'),
('55555555-5555-5555-5555-555555555048', 'Giulyan Silva', '67344498121', 'giulyan.s@email.com', '$2a$10$kxeAgi3G5EB4M88OweGPxuO1pWfaFUaTBtelqiMQPAHJHgDu/pmL2', '81988887748', '1995-10-10', 'PASSENGER'),
('55555555-5555-5555-5555-555555555049', 'Davi Lucca Moraes', '61197197758', 'davi.l@email.com', '$2a$10$kxeAgi3G5EB4M88OweGPxuO1pWfaFUaTBtelqiMQPAHJHgDu/pmL2', '81988887749', '2007-08-24', 'PASSENGER'),
('55555555-5555-5555-5555-555555555050', 'Enzo Gabriel Ferrari', '25404049775', 'enzo.f@email.com', '$2a$10$kxeAgi3G5EB4M88OweGPxuO1pWfaFUaTBtelqiMQPAHJHgDu/pmL2', '81988887750', '2001-05-15', 'PASSENGER');

INSERT INTO reservations 
(id, passenger_id, travel_id, boarding_stop_id, dropoff_stop_id, passenger_count, total_value, status) 
VALUES
-- Reservas Concluídas (Histórico)
('77777777-7777-7777-7777-777777777001', '55555555-5555-5555-5555-555555555001', '44444444-4444-4444-4444-444444444401', '33333333-3333-3333-3333-333333333001', '33333333-3333-3333-3333-333333333003', 1, 45.00, 'COMPLETED'),
('77777777-7777-7777-7777-777777777002', '55555555-5555-5555-5555-555555555002', '44444444-4444-4444-4444-444444444401', '33333333-3333-3333-3333-333333333001', '33333333-3333-3333-3333-333333333002', 2, 50.00, 'COMPLETED'),
('77777777-7777-7777-7777-777777777003', '55555555-5555-5555-5555-555555555003', '44444444-4444-4444-4444-444444444402', '33333333-3333-3333-3333-333333333004', '33333333-3333-3333-3333-333333333006', 1, 45.00, 'COMPLETED'),
('77777777-7777-7777-7777-777777777004', '55555555-5555-5555-5555-555555555004', '44444444-4444-4444-4444-444444444403', '33333333-3333-3333-3333-333333333007', '33333333-3333-3333-3333-333333333009', 1, 30.00, 'COMPLETED'),
('77777777-7777-7777-7777-777777777005', '55555555-5555-5555-5555-555555555005', '44444444-4444-4444-4444-444444444403', '33333333-3333-3333-3333-333333333007', '33333333-3333-3333-3333-333333333008', 2, 30.00, 'COMPLETED'),
('77777777-7777-7777-7777-777777777006', '55555555-5555-5555-5555-555555555001', '44444444-4444-4444-4444-444444444404', '33333333-3333-3333-3333-333333333010', '33333333-3333-3333-3333-333333333012', 1, 30.00, 'COMPLETED'),
('77777777-7777-7777-7777-777777777007', '55555555-5555-5555-5555-555555555002', '44444444-4444-4444-4444-444444444405', '33333333-3333-3333-3333-333333333013', '33333333-3333-3333-3333-333333333014', 3, 30.00, 'COMPLETED'),
('77777777-7777-7777-7777-777777777008', '55555555-5555-5555-5555-555555555003', '44444444-4444-4444-4444-444444444406', '33333333-3333-3333-3333-333333333015', '33333333-3333-3333-3333-333333333016', 1, 10.00, 'COMPLETED'),
('77777777-7777-7777-7777-777777777009', '55555555-5555-5555-5555-555555555006', '44444444-4444-4444-4444-444444444401', '33333333-3333-3333-3333-333333333002', '33333333-3333-3333-3333-333333333003', 1, 20.00, 'COMPLETED'),
('77777777-7777-7777-7777-777777777010', '55555555-5555-5555-5555-555555555007', '44444444-4444-4444-4444-444444444401', '33333333-3333-3333-3333-333333333001', '33333333-3333-3333-3333-333333333003', 2, 90.00, 'COMPLETED'),
('77777777-7777-7777-7777-777777777011', '55555555-5555-5555-5555-555555555008', '44444444-4444-4444-4444-444444444401', '33333333-3333-3333-3333-333333333001', '33333333-3333-3333-3333-333333333002', 1, 25.00, 'COMPLETED'),
('77777777-7777-7777-7777-777777777012', '55555555-5555-5555-5555-555555555009', '44444444-4444-4444-4444-444444444401', '33333333-3333-3333-3333-333333333002', '33333333-3333-3333-3333-333333333003', 2, 40.00, 'COMPLETED'),
('77777777-7777-7777-7777-777777777013', '55555555-5555-5555-5555-555555555010', '44444444-4444-4444-4444-444444444402', '33333333-3333-3333-3333-333333333004', '33333333-3333-3333-3333-333333333005', 1, 20.00, 'COMPLETED'),
('77777777-7777-7777-7777-777777777014', '55555555-5555-5555-5555-555555555011', '44444444-4444-4444-4444-444444444402', '33333333-3333-3333-3333-333333333005', '33333333-3333-3333-3333-333333333006', 2, 50.00, 'COMPLETED'),
('77777777-7777-7777-7777-777777777015', '55555555-5555-5555-5555-555555555012', '44444444-4444-4444-4444-444444444402', '33333333-3333-3333-3333-333333333004', '33333333-3333-3333-3333-333333333006', 1, 45.00, 'COMPLETED'),
('77777777-7777-7777-7777-777777777016', '55555555-5555-5555-5555-555555555013', '44444444-4444-4444-4444-444444444402', '33333333-3333-3333-3333-333333333004', '33333333-3333-3333-3333-333333333005', 3, 60.00, 'COMPLETED'),
('77777777-7777-7777-7777-777777777017', '55555555-5555-5555-5555-555555555014', '44444444-4444-4444-4444-444444444403', '33333333-3333-3333-3333-333333333008', '33333333-3333-3333-3333-333333333009', 1, 15.00, 'COMPLETED'),
('77777777-7777-7777-7777-777777777018', '55555555-5555-5555-5555-555555555015', '44444444-4444-4444-4444-444444444403', '33333333-3333-3333-3333-333333333007', '33333333-3333-3333-3333-333333333009', 2, 60.00, 'COMPLETED'),
('77777777-7777-7777-7777-777777777019', '55555555-5555-5555-5555-555555555016', '44444444-4444-4444-4444-444444444403', '33333333-3333-3333-3333-333333333007', '33333333-3333-3333-3333-333333333008', 1, 15.00, 'COMPLETED'),
('77777777-7777-7777-7777-777777777020', '55555555-5555-5555-5555-555555555017', '44444444-4444-4444-4444-444444444403', '33333333-3333-3333-3333-333333333008', '33333333-3333-3333-3333-333333333009', 2, 30.00, 'COMPLETED'),
('77777777-7777-7777-7777-777777777021', '55555555-5555-5555-5555-555555555018', '44444444-4444-4444-4444-444444444404', '33333333-3333-3333-3333-333333333010', '33333333-3333-3333-3333-333333333011', 1, 15.00, 'COMPLETED'),
('77777777-7777-7777-7777-777777777022', '55555555-5555-5555-5555-555555555019', '44444444-4444-4444-4444-444444444404', '33333333-3333-3333-3333-333333333011', '33333333-3333-3333-3333-333333333012', 2, 30.00, 'COMPLETED'),
('77777777-7777-7777-7777-777777777023', '55555555-5555-5555-5555-555555555020', '44444444-4444-4444-4444-444444444404', '33333333-3333-3333-3333-333333333010', '33333333-3333-3333-3333-333333333012', 2, 60.00, 'COMPLETED'),
('77777777-7777-7777-7777-777777777024', '55555555-5555-5555-5555-555555555021', '44444444-4444-4444-4444-444444444404', '33333333-3333-3333-3333-333333333010', '33333333-3333-3333-3333-333333333011', 3, 45.00, 'COMPLETED'),
('77777777-7777-7777-7777-777777777025', '55555555-5555-5555-5555-555555555022', '44444444-4444-4444-4444-444444444405', '33333333-3333-3333-3333-333333333013', '33333333-3333-3333-3333-333333333014', 1, 10.00, 'COMPLETED'),
('77777777-7777-7777-7777-777777777026', '55555555-5555-5555-5555-555555555023', '44444444-4444-4444-4444-444444444405', '33333333-3333-3333-3333-333333333013', '33333333-3333-3333-3333-333333333014', 2, 20.00, 'COMPLETED'),
('77777777-7777-7777-7777-777777777027', '55555555-5555-5555-5555-555555555024', '44444444-4444-4444-4444-444444444405', '33333333-3333-3333-3333-333333333013', '33333333-3333-3333-3333-333333333014', 4, 40.00, 'COMPLETED'),
('77777777-7777-7777-7777-777777777028', '55555555-5555-5555-5555-555555555025', '44444444-4444-4444-4444-444444444405', '33333333-3333-3333-3333-333333333013', '33333333-3333-3333-3333-333333333014', 1, 10.00, 'COMPLETED'),
('77777777-7777-7777-7777-777777777029', '55555555-5555-5555-5555-555555555026', '44444444-4444-4444-4444-444444444406', '33333333-3333-3333-3333-333333333015', '33333333-3333-3333-3333-333333333016', 2, 20.00, 'COMPLETED'),
('77777777-7777-7777-7777-777777777030', '55555555-5555-5555-5555-555555555027', '44444444-4444-4444-4444-444444444406', '33333333-3333-3333-3333-333333333015', '33333333-3333-3333-3333-333333333016', 1, 10.00, 'COMPLETED'),
('77777777-7777-7777-7777-777777777031', '55555555-5555-5555-5555-555555555028', '44444444-4444-4444-4444-444444444406', '33333333-3333-3333-3333-333333333015', '33333333-3333-3333-3333-333333333016', 3, 30.00, 'COMPLETED'),
('77777777-7777-7777-7777-777777777032', '55555555-5555-5555-5555-555555555029', '44444444-4444-4444-4444-444444444406', '33333333-3333-3333-3333-333333333015', '33333333-3333-3333-3333-333333333016', 2, 20.00, 'COMPLETED'),
('77777777-7777-7777-7777-777777777033', '55555555-5555-5555-5555-555555555030', '44444444-4444-4444-4444-444444444401', '33333333-3333-3333-3333-333333333001', '33333333-3333-3333-3333-333333333003', 1, 45.00, 'COMPLETED'),
('77777777-7777-7777-7777-777777777034', '55555555-5555-5555-5555-555555555031', '44444444-4444-4444-4444-444444444402', '33333333-3333-3333-3333-333333333004', '33333333-3333-3333-3333-333333333006', 2, 90.00, 'COMPLETED'),
('77777777-7777-7777-7777-777777777035', '55555555-5555-5555-5555-555555555032', '44444444-4444-4444-4444-444444444403', '33333333-3333-3333-3333-333333333007', '33333333-3333-3333-3333-333333333009', 1, 30.00, 'COMPLETED'),
('77777777-7777-7777-7777-777777777036', '55555555-5555-5555-5555-555555555033', '44444444-4444-4444-4444-444444444404', '33333333-3333-3333-3333-333333333010', '33333333-3333-3333-3333-333333333012', 1, 30.00, 'COMPLETED'),
('77777777-7777-7777-7777-777777777037', '55555555-5555-5555-5555-555555555034', '44444444-4444-4444-4444-444444444405', '33333333-3333-3333-3333-333333333013', '33333333-3333-3333-3333-333333333014', 2, 20.00, 'COMPLETED'),
('77777777-7777-7777-7777-777777777038', '55555555-5555-5555-5555-555555555035', '44444444-4444-4444-4444-444444444406', '33333333-3333-3333-3333-333333333015', '33333333-3333-3333-3333-333333333016', 1, 10.00, 'COMPLETED'),
('77777777-7777-7777-7777-777777777039', '55555555-5555-5555-5555-555555555036', '44444444-4444-4444-4444-444444444401', '33333333-3333-3333-3333-333333333001', '33333333-3333-3333-3333-333333333002', 3, 75.00, 'COMPLETED'),
('77777777-7777-7777-7777-777777777040', '55555555-5555-5555-5555-555555555037', '44444444-4444-4444-4444-444444444402', '33333333-3333-3333-3333-333333333005', '33333333-3333-3333-3333-333333333006', 1, 25.00, 'COMPLETED'),
('77777777-7777-7777-7777-777777777041', '55555555-5555-5555-5555-555555555038', '44444444-4444-4444-4444-444444444403', '33333333-3333-3333-3333-333333333008', '33333333-3333-3333-3333-333333333009', 3, 45.00, 'COMPLETED'),
('77777777-7777-7777-7777-777777777042', '55555555-5555-5555-5555-555555555039', '44444444-4444-4444-4444-444444444404', '33333333-3333-3333-3333-333333333011', '33333333-3333-3333-3333-333333333012', 1, 15.00, 'COMPLETED'),
('77777777-7777-7777-7777-777777777043', '55555555-5555-5555-5555-555555555040', '44444444-4444-4444-4444-444444444405', '33333333-3333-3333-3333-333333333013', '33333333-3333-3333-3333-333333333014', 2, 20.00, 'COMPLETED'),
('77777777-7777-7777-7777-777777777044', '55555555-5555-5555-5555-555555555041', '44444444-4444-4444-4444-444444444406', '33333333-3333-3333-3333-333333333015', '33333333-3333-3333-3333-333333333016', 4, 40.00, 'COMPLETED'),
('77777777-7777-7777-7777-777777777045', '55555555-5555-5555-5555-555555555042', '44444444-4444-4444-4444-444444444401', '33333333-3333-3333-3333-333333333002', '33333333-3333-3333-3333-333333333003', 1, 20.00, 'COMPLETED'),
('77777777-7777-7777-7777-777777777046', '55555555-5555-5555-5555-555555555043', '44444444-4444-4444-4444-444444444402', '33333333-3333-3333-3333-333333333004', '33333333-3333-3333-3333-333333333005', 2, 40.00, 'COMPLETED'),
('77777777-7777-7777-7777-777777777047', '55555555-5555-5555-5555-555555555044', '44444444-4444-4444-4444-444444444403', '33333333-3333-3333-3333-333333333007', '33333333-3333-3333-3333-333333333008', 2, 30.00, 'COMPLETED'),
('77777777-7777-7777-7777-777777777048', '55555555-5555-5555-5555-555555555045', '44444444-4444-4444-4444-444444444404', '33333333-3333-3333-3333-333333333010', '33333333-3333-3333-3333-333333333011', 1, 15.00, 'COMPLETED'),
('77777777-7777-7777-7777-777777777049', '55555555-5555-5555-5555-555555555046', '44444444-4444-4444-4444-444444444405', '33333333-3333-3333-3333-333333333013', '33333333-3333-3333-3333-333333333014', 3, 30.00, 'COMPLETED'),
('77777777-7777-7777-7777-777777777050', '55555555-5555-5555-5555-555555555047', '44444444-4444-4444-4444-444444444406', '33333333-3333-3333-3333-333333333015', '33333333-3333-3333-3333-333333333016', 1, 10.00, 'COMPLETED'),

-- Reservas Confirmadas (Futuro)
('77777777-7777-7777-7777-777777777051', '55555555-5555-5555-5555-555555555001', '44444444-4444-4444-4444-444444444407', '33333333-3333-3333-3333-333333333017', '33333333-3333-3333-3333-333333333019', 1, 75.00, 'CONFIRMED'),
('77777777-7777-7777-7777-777777777052', '55555555-5555-5555-5555-555555555002', '44444444-4444-4444-4444-444444444407', '33333333-3333-3333-3333-333333333017', '33333333-3333-3333-3333-333333333018', 2, 70.00, 'CONFIRMED'),
('77777777-7777-7777-7777-777777777053', '55555555-5555-5555-5555-555555555003', '44444444-4444-4444-4444-444444444408', '33333333-3333-3333-3333-333333333020', '33333333-3333-3333-3333-333333333022', 1, 75.00, 'CONFIRMED'),
('77777777-7777-7777-7777-777777777054', '55555555-5555-5555-5555-555555555004', '44444444-4444-4444-4444-444444444408', '33333333-3333-3333-3333-333333333021', '33333333-3333-3333-3333-333333333022', 2, 70.00, 'CONFIRMED'),
('77777777-7777-7777-7777-777777777055', '55555555-5555-5555-5555-555555555005', '44444444-4444-4444-4444-444444444409', '33333333-3333-3333-3333-333333333023', '33333333-3333-3333-3333-333333333025', 1, 90.00, 'CONFIRMED'),
('77777777-7777-7777-7777-777777777056', '55555555-5555-5555-5555-555555555006', '44444444-4444-4444-4444-444444444409', '33333333-3333-3333-3333-333333333023', '33333333-3333-3333-3333-333333333024', 2, 70.00, 'CONFIRMED'),
('77777777-7777-7777-7777-777777777057', '55555555-5555-5555-5555-555555555007', '44444444-4444-4444-4444-444444444410', '33333333-3333-3333-3333-333333333026', '33333333-3333-3333-3333-333333333028', 1, 90.00, 'CONFIRMED'),
('77777777-7777-7777-7777-777777777058', '55555555-5555-5555-5555-555555555008', '44444444-4444-4444-4444-444444444411', '33333333-3333-3333-3333-333333333029', '33333333-3333-3333-3333-333333333031', 2, 90.00, 'CONFIRMED'),
('77777777-7777-7777-7777-777777777059', '55555555-5555-5555-5555-555555555009', '44444444-4444-4444-4444-444444444412', '33333333-3333-3333-3333-333333333032', '33333333-3333-3333-3333-333333333034', 1, 45.00, 'CONFIRMED');


INSERT INTO ratings (id, score, comment, passenger_id, travel_id) VALUES
-- Avaliações para viagens do Motorista 1 (Viagens 01 e 02)
('88888888-8888-8888-8888-888888888001', 5, 'Viagem tranquila, motorista muito educado e pontual.', '55555555-5555-5555-5555-555555555001', '44444444-4444-4444-4444-444444444401'),
('88888888-8888-8888-8888-888888888002', 4, 'Bom atendimento, apenas um pequeno atraso na saída.', '55555555-5555-5555-5555-555555555002', '44444444-4444-4444-4444-444444444401'),
('88888888-8888-8888-8888-888888888003', 5, 'Excelente viagem, direção segura e confortável.', '55555555-5555-5555-5555-555555555003', '44444444-4444-4444-4444-444444444401'),

-- Avaliações para viagens do Motorista 2 (Viagens 03 e 04)
('88888888-8888-8888-8888-888888888004', 5, 'Motorista muito atencioso e cuidadoso.', '55555555-5555-5555-5555-555555555004', '44444444-4444-4444-4444-444444444403'),
('88888888-8888-8888-8888-888888888005', 3, 'Viagem boa, mas poderia ter sido mais confortável.', '55555555-5555-5555-5555-555555555005', '44444444-4444-4444-4444-444444444403'),
('88888888-8888-8888-8888-888888888006', 5, 'Excelente experiência durante todo o trajeto.', '55555555-5555-5555-5555-555555555001', '44444444-4444-4444-4444-444444444403'),

-- Avaliações para viagens do Motorista 3 (Viagens 05 e 06)
('88888888-8888-8888-8888-888888888007', 4, 'Bom atendimento e veículo confortável.', '55555555-5555-5555-5555-555555555002', '44444444-4444-4444-4444-444444444405'),
('88888888-8888-8888-8888-888888888008', 5, 'Pontualidade e segurança na direção.', '55555555-5555-5555-5555-555555555003', '44444444-4444-4444-4444-444444444405'),

-- Continuação conforme os dados originais (Motorista 1)
('88888888-8888-8888-8888-888888888009', 2, 'Motorista parecia um pouco apressado.', '55555555-5555-5555-5555-555555555006', '44444444-4444-4444-4444-444444444401'),
('88888888-8888-8888-8888-888888888010', 4, 'Boa viagem, motorista educado.', '55555555-5555-5555-5555-555555555007', '44444444-4444-4444-4444-444444444401'),
('88888888-8888-8888-8888-888888888011', 5, 'Condução segura e muito profissional.', '55555555-5555-5555-5555-555555555008', '44444444-4444-4444-4444-444444444401'),
('88888888-8888-8888-8888-888888888012', 3, 'Viagem razoável, nada excepcional.', '55555555-5555-5555-5555-555555555009', '44444444-4444-4444-4444-444444444401'),
('88888888-8888-8888-8888-888888888013', 5, 'Muito confortável e rápida.', '55555555-5555-5555-5555-555555555010', '44444444-4444-4444-4444-444444444401'),
('88888888-8888-8888-8888-888888888014', 4, 'Atendimento cordial e eficiente.', '55555555-5555-5555-5555-555555555011', '44444444-4444-4444-4444-444444444401'),
('88888888-8888-8888-8888-888888888015', 1, 'Não gostei da experiência, houve atraso significativo.', '55555555-5555-5555-5555-555555555012', '44444444-4444-4444-4444-444444444401'),
('88888888-8888-8888-8888-888888888016', 4, 'Boa organização na viagem.', '55555555-5555-5555-5555-555555555013', '44444444-4444-4444-4444-444444444401'),

-- Avaliações para Motorista 2 (Viagem 03)
('88888888-8888-8888-8888-888888888017', 5, 'Viagem segura e tranquila.', '55555555-5555-5555-5555-555555555014', '44444444-4444-4444-4444-444444444403'),
('88888888-8888-8888-8888-888888888018', 5, 'Ótimo serviço prestado.', '55555555-5555-5555-5555-555555555015', '44444444-4444-4444-4444-444444444403'),
('88888888-8888-8888-8888-888888888019', 3, 'Viagem ok, mas poderia melhorar o conforto.', '55555555-5555-5555-5555-555555555016', '44444444-4444-4444-4444-444444444403'),
('88888888-8888-8888-8888-888888888020', 5, 'Conforto e pontualidade.', '55555555-5555-5555-5555-555555555017', '44444444-4444-4444-4444-444444444403'),
('88888888-8888-8888-8888-888888888021', 4, 'Tudo ocorreu bem.', '55555555-5555-5555-5555-555555555018', '44444444-4444-4444-4444-444444444403'),
('88888888-8888-8888-8888-888888888022', 2, 'Motorista um pouco impaciente.', '55555555-5555-5555-5555-555555555019', '44444444-4444-4444-4444-444444444403'),
('88888888-8888-8888-8888-888888888023', 4, 'Boa viagem, recomendo.', '55555555-5555-5555-5555-555555555020', '44444444-4444-4444-4444-444444444403'),
('88888888-8888-8888-8888-888888888024', 5, 'Excelente trajeto.', '55555555-5555-5555-5555-555555555021', '44444444-4444-4444-4444-444444444403'),

-- Avaliações para Motorista 3 (Viagem 05)
('88888888-8888-8888-8888-888888888025', 4, 'Motorista bastante responsável.', '55555555-5555-5555-5555-555555555022', '44444444-4444-4444-4444-444444444405'),
('88888888-8888-8888-8888-888888888026', 5, 'Viagem rápida e segura.', '55555555-5555-5555-5555-555555555023', '44444444-4444-4444-4444-444444444405'),
('88888888-8888-8888-8888-888888888027', 3, 'Veículo poderia estar mais limpo.', '55555555-5555-5555-5555-555555555024', '44444444-4444-4444-4444-444444444405'),
('88888888-8888-8888-8888-888888888028', 5, 'Ótimo atendimento.', '55555555-5555-5555-5555-555555555025', '44444444-4444-4444-4444-444444444405'),
('88888888-8888-8888-8888-888888888029', 5, 'Motorista muito educado.', '55555555-5555-5555-5555-555555555026', '44444444-4444-4444-4444-444444444405'),
('88888888-8888-8888-8888-888888888030', 4, 'Viagem confortável.', '55555555-5555-5555-5555-555555555027', '44444444-4444-4444-4444-444444444405'),
('88888888-8888-8888-8888-888888888031', 5, 'Excelente condução.', '55555555-5555-5555-5555-555555555028', '44444444-4444-4444-4444-444444444405'),
('88888888-8888-8888-8888-888888888032', 2, 'Atraso na saída e pouca comunicação.', '55555555-5555-5555-5555-555555555029', '44444444-4444-4444-4444-444444444405'),

-- Embaralhando o restante entre as 50 viagens
('88888888-8888-8888-8888-888888888033', 5, 'Muito satisfeito com a viagem.', '55555555-5555-5555-5555-555555555030', '44444444-4444-4444-4444-444444444401'),
('88888888-8888-8888-8888-888888888034', 4, 'Boa experiência.', '55555555-5555-5555-5555-555555555031', '44444444-4444-4444-4444-444444444402'),
('88888888-8888-8888-8888-888888888035', 5, 'Direção segura e tranquila.', '55555555-5555-5555-5555-555555555032', '44444444-4444-4444-4444-444444444403'),
('88888888-8888-8888-8888-888888888036', 3, 'Viagem mediana, poderia melhorar.', '55555555-5555-5555-5555-555555555033', '44444444-4444-4444-4444-444444444404'),
('88888888-8888-8888-8888-888888888037', 5, 'Conforto e segurança.', '55555555-5555-5555-5555-555555555034', '44444444-4444-4444-4444-444444444405'),
('88888888-8888-8888-8888-888888888038', 4, 'Serviço muito bom.', '55555555-5555-5555-5555-555555555035', '44444444-4444-4444-4444-444444444406'),
('88888888-8888-8888-8888-888888888039', 5, 'Excelente profissional.', '55555555-5555-5555-5555-555555555036', '44444444-4444-4444-4444-444444444407'),
('88888888-8888-8888-8888-888888888040', 3, 'Nada demais, mas cumpriu o esperado.', '55555555-5555-5555-5555-555555555037', '44444444-4444-4444-4444-444444444408'),
('88888888-8888-8888-8888-888888888041', 5, 'Recomendo o serviço.', '55555555-5555-5555-5555-555555555038', '44444444-4444-4444-4444-444444444409'),
('88888888-8888-8888-8888-888888888042', 4, 'Muito organizado.', '55555555-5555-5555-5555-555555555039', '44444444-4444-4444-4444-444444444410'),
('88888888-8888-8888-8888-888888888043', 5, 'Ótima experiência.', '55555555-5555-5555-5555-555555555040', '44444444-4444-4444-4444-444444444411'),
('88888888-8888-8888-8888-888888888044', 2, 'Demorou mais que o previsto.', '55555555-5555-5555-5555-555555555041', '44444444-4444-4444-4444-444444444412'),
('88888888-8888-8888-8888-888888888045', 5, 'Muito satisfeito.', '55555555-5555-5555-5555-555555555042', '44444444-4444-4444-4444-444444444413'),
('88888888-8888-8888-8888-888888888046', 4, 'Boa condução.', '55555555-5555-5555-5555-555555555043', '44444444-4444-4444-4444-444444444414'),
('88888888-8888-8888-8888-888888888047', 5, 'Excelente trajeto.', '55555555-5555-5555-5555-555555555044', '44444444-4444-4444-4444-444444444415'),
('88888888-8888-8888-8888-888888888048', 3, 'Viagem razoável.', '55555555-5555-5555-5555-555555555045', '44444444-4444-4444-4444-444444444416'),
('88888888-8888-8888-8888-888888888049', 5, 'Viagem muito tranquila.', '55555555-5555-5555-5555-555555555046', '44444444-4444-4444-4444-444444444417'),
('88888888-8888-8888-8888-888888888050', 4, 'Boa experiência geral.', '55555555-5555-5555-5555-555555555047', '44444444-4444-4444-4444-444444444418');

INSERT INTO administrators (id, email, password, name, cpf, phone, birth_date, role) VALUES
('99999999-9999-9999-9999-999999999001', 'admin.sistemavan@email.com', '$2a$10$kxeAgi3G5EB4M88OweGPxuO1pWfaFUaTBtelqiMQPAHJHgDu/pmL2', 'Carlos Eduardo Menezes', '23912377073', '81997766554', '1998-07-18', 'ADMIN');